Time (min),Temperature (Â°C),Occupancy,Air Quality (ppm)
0,18.06413416441694,8,1071.7006595436496
1,21.022965279805902,8,725.1527957874298
2,20.678410468997367,5,1806.5810892847908
3,17.12344874838667,9,1543.8258493583414
4,21.624673690538344,1,1636.571555449821
5,17.93841067281377,7,1167.723162413728
6,19.18070798158349,7,1132.4245143568755
7,19.883469882324814,1,1695.5508846738862
8,18.67692835170481,6,861.388121809415
9,16.748315891541388,5,1285.9573173938682
10,19.194305560690868,2,1345.3013136495051
11,17.776348812289402,2,521.5677806614868
12,20.954764970021394,3,932.8654927619236
13,22.052849058211578,7,1758.673838652558
14,23.84236027535602,8,1663.1796588741256
15,22.591539736974983,3,1417.018370736291
16,20.042873218549115,7,1594.2983528193915
17,18.94599709726887,4,1955.8857153084134
18,19.769982782943398,9,1042.333817949719
19,24.64044612114681,3,585.0437190869264
20,20.10226101494848,6,820.1239007477386
21,24.231150349341195,6,1250.4172422797858
22,21.338061284320148,0,1330.0189415024524
23,20.901599299675215,1,1823.0035731234254
24,21.149254530719976,8,1422.0965806569807
25,26.02546615600871,0,1630.7673726389519
26,24.31577048180062,9,1180.1525837778454
27,20.151828993066264,3,1243.8531736400487
28,20.217296642525554,6,406.68661745899703
29,22.601714631524796,6,1512.6705739225044
30,25.171553228101033,6,742.5438543922012
31,21.54107289490634,9,1727.6088033053466
32,22.99839976583669,9,869.8778828532563
33,21.528689153036677,4,1245.0530034718563
34,26.420678495352156,8,1977.7287122137702
35,22.873104332740244,2,1460.5558090266043
36,18.827932746474342,8,1523.236880080987
37,22.918887993038535,9,985.4788224246893
38,19.71757703921806,1,1876.2260219284522
39,24.00020190429245,5,1083.4565816047962
40,26.143318455774505,3,1002.905080306973
41,25.21630152149765,1,625.9153044780431
42,25.976742886904773,5,1661.8275191541045
43,22.518049229616718,2,552.036487873519
44,23.43454315940746,2,1770.160238439508
45,25.71912628829911,0,594.8499034258452
46,21.444647202253037,6,1962.3656301900512
47,20.66242045735536,7,1433.2622143557994
48,24.04389019188905,0,848.9921747544611
49,23.871549859461332,8,634.5187771764602
50,21.660918835856993,0,575.2304555544629
51,23.05174204491005,5,1431.9868063039758
52,25.363457973778633,5,1681.3613685593018
53,23.22627689237604,5,1044.2299976324052
54,23.977635833797873,2,497.12456470490594
55,24.292732815874263,1,647.7120667497545
56,25.31979591613789,1,856.4715538775646
57,26.73093271729328,6,1847.5259906636722
58,22.68351903506416,3,1298.8541033983981
59,26.834359672666622,9,1481.7500072028693
60,19.15430023953372,3,563.0338637438592
61,26.839587292787144,9,1682.8110211313892
62,23.697947969012894,7,1063.6361691408683
63,24.785517760835315,4,1882.0602702139213
64,25.634759588325114,7,1960.998428896242
65,24.57325671036039,9,1487.7605171582782
66,24.328553510609495,1,1173.299030636732
67,24.502610905276946,2,424.4346842226781
68,26.669809389776013,4,1431.7665767643634
69,25.366779194700193,1,1485.3331613608361
70,25.34624667557664,8,600.6318613348933
71,26.5367872781491,0,1754.2496604155124
72,26.76405326085487,3,957.3008447438104
73,22.139749983050024,1,1480.568031084066
74,30.17481857426118,6,835.3228054913882
75,23.931477948661552,1,1549.8424935012358
76,23.050840232811957,4,712.5705590684352
77,25.384940970096135,0,1482.6782954639941
78,24.9839244784963,2,1097.899202760575
79,24.752144293601056,8,1150.8590396839345
80,23.962784258158376,5,1667.118975800669
81,27.6864930645104,3,1862.6561475560677
82,25.36236887162388,8,1321.3802324952724
83,26.161860877584267,1,761.7908754187741
84,21.82034318589383,4,1871.0312395829528
85,29.235526475034035,7,1253.0087020890774
86,24.212773253753568,2,924.672945335583
87,24.41587153974812,6,1291.8039112177767
88,23.426787715559918,7,1587.4753783670465
89,24.5778011761266,1,1915.2131543670916
90,22.496560830846253,3,793.9863482253795
91,27.59227652309322,8,1111.3910898442703
92,27.363627622533073,5,1769.9727526807985
93,24.021016587210354,6,652.450185436057
94,24.124996810331037,4,652.1045915141958
95,25.71846728537172,1,474.88012602320583
96,27.122569508526503,2,1719.020436073474
97,23.484927808244482,4,1295.3194630760427
98,27.095306393448755,6,1049.3498624052631
99,24.624657410422955,5,1119.9260213549267
100,23.429280088856277,0,549.9036728140753
101,27.84583391382197,1,513.5121008574797
102,27.681009671977453,9,1506.1252957337538
103,28.63370777341091,9,1089.6530721555846
104,27.778999395775685,1,1055.7678815724903
105,25.705027766876476,7,1231.0314587572102
106,26.839971571762735,5,1818.236370818853
107,27.594018755673982,1,1717.6036121390557
108,26.617936592355136,2,1599.4241912292632
109,26.24020533158253,0,512.0940574028452
110,24.711534342599037,9,1683.2097850985908
111,25.413879559133996,6,1299.0732314038073
112,25.754313406287388,4,1954.4840078075206
113,27.910264697186573,2,1495.201471165153
114,30.849310803334102,6,1220.3418821756006
115,24.704847503390518,2,1486.2519995747996
116,24.919583765368866,7,662.2645273041937
117,27.491246710971883,3,1931.6932148144072
118,28.100077162742085,0,1352.866293843847
119,27.488148124202368,2,1143.0104054021417
120,29.929008782105342,6,1179.15326250333
121,24.848346167858487,2,842.0481926747149
122,30.093050062849183,2,994.3923313121237
123,27.211954396423064,0,465.4337464894155
124,25.70994539950335,3,1270.6787175016611
125,28.855467059869653,0,534.1579516846328
126,24.798466121681273,6,1592.2159531183231
127,27.28099118964926,6,1912.8651444247012
128,24.953981447948095,8,761.2053457896245
129,32.31741270770249,3,1438.6616735102712
130,29.39584479072141,9,1031.3475152728186
131,29.571809813685768,3,1538.0943839949507
132,26.303565354619366,2,879.5747182653731
133,24.72893583109531,8,1975.526606117629
134,30.330571032631745,8,908.5188223499845
135,29.481304957636258,6,1232.9899542894686
136,29.490257384615873,5,761.0529699942786
137,28.381154318098524,0,470.10535685983507
138,29.370303248487353,1,1468.623627068415
139,28.590170732097555,0,1614.3901864415973
140,28.54454482653355,6,1802.5239285391767
141,30.28804193673608,0,488.0566512954424
142,27.33618313949323,2,1851.7400835289684
143,31.69602923994408,2,472.78705466998633
144,29.799502158104666,2,1269.4537990414797
145,30.19506508335798,6,1000.7938503296909
146,33.4761882630668,9,1960.9673128784098
147,27.932219659939346,1,1071.0695074831065
148,33.935645717840735,9,699.728623612939
149,32.030021891437386,7,1414.37479932545
150,30.135873343836867,8,1643.4942963472613
151,32.797118911887644,3,1099.8179601059555
152,29.52950366307867,8,1422.3719086683436
153,31.080446964165517,9,530.0530810265102
154,25.2793496240436,6,1766.4092565697892
155,30.04764150088942,6,1844.831138840975
156,28.00177514281504,0,1564.513390041177
157,32.433517815079156,4,1455.1897931957037
158,28.172515199347682,6,493.3053483152182
159,28.666068602737674,9,1991.684383230479
160,29.616576557363686,1,811.8350065309329
161,32.03197074614554,4,1564.2359834848494
162,31.540641882962838,0,839.6803093653858
163,31.886243913178966,2,1672.2385262296486
164,32.0265194599746,5,779.2265698171942
165,27.68921911780084,9,1047.620338581975
166,29.87886026301407,7,1355.0320700525067
167,33.619326280072514,3,555.6487428946886
168,28.464670887144713,3,572.1964044675395
169,31.156762653778216,8,997.0602570732896
170,31.389458073774758,5,1973.957744271623
171,31.13980789777343,7,1700.8399015400225
172,32.66487329740986,5,1888.697984931064
173,30.275793326647246,1,697.2662350661728
174,31.135384174097517,6,1199.571904055717
175,29.5443055440504,7,1192.095123941493
176,32.826730188986254,2,1677.9258205497993
177,30.31066467420412,8,1073.7890083625268
178,27.605149326501568,7,573.5457378645325
179,32.386758082299096,3,878.7946672163296
180,28.237229258007968,8,1382.0227333541472
181,29.700157859143737,6,407.5869192297338
182,31.417624651047404,1,1671.9635031932996
183,31.8045042334545,8,1043.7126034374828
184,32.23565640589749,3,1761.4172124879408
185,34.18263687358968,9,916.9101993066
186,32.324548903780844,3,1770.6220653189946
187,26.828622374208482,7,1885.2560604105126
188,32.197139718881,5,1666.816134131003
189,30.7554597613873,5,920.0352702284019
190,30.67136555123895,9,1167.1424128752556
191,30.67193117207011,4,594.4868788777322
192,34.416251864145615,2,733.5648776199546
193,30.394621442942473,1,994.8211392792828
194,30.013554314417462,1,729.6631938104274
195,32.58529991678227,2,1972.1481911088272
196,29.71692467966128,4,1893.2103705235595
197,29.588338424804615,0,464.32497883641696
198,32.439185503352356,8,1887.9528798111444
199,30.451813788077224,9,1959.0056284008665
200,34.235723042438124,8,1228.6359335629957
201,35.08999119626963,6,1202.7670053460124
202,32.56258256531981,3,1039.9531557909932
203,28.724042728387076,0,1303.438918567916
204,33.67302125161876,1,1653.750360582661
205,29.660594288266388,8,1703.6735464762412
206,32.314580607067235,9,422.47077193644617
207,31.415523348089994,1,1520.047214042615
208,33.06664566298538,0,946.8650251397448
209,35.62358543959797,5,1874.2145974527818
210,30.95776063903382,8,808.9723441769597
211,30.934534694175248,4,1526.291731169213
212,35.595847746019686,4,1704.472071248648
213,34.02339360359141,6,1442.4807355332296
214,30.464285146559444,1,625.4301700475153
215,31.934563932328555,8,1165.5561371922145
216,27.913249935581163,7,1426.1812069765763
217,34.11243145277353,2,663.3405304546582
218,32.21701329348671,4,1447.5352590521093
219,31.604393422210965,1,1791.4757526312874
220,36.341401973340325,5,720.5770254923309
221,36.176426764758304,2,549.3725938742406
222,35.75912795349318,8,1454.6041251035801
223,32.1393781933901,5,1787.5808782857714
224,32.73279888176145,1,880.4856574081406
225,33.65028086598332,8,1178.071435924438
226,29.51625529304323,1,862.686878128436
227,28.306067149857597,8,1881.684578815822
228,35.799933237252596,1,1365.3164653945246
229,36.285438704154984,0,575.1555521702489
230,34.019599535027744,4,474.0199676457953
231,29.763554339373453,1,1988.4338894113664
232,32.76457010256828,1,1140.5546188741218
233,32.14643887676711,5,810.5572607654863
234,30.938821824087942,5,1891.7766789910515
235,31.4140355891981,2,1146.6058012525446
236,35.14650497152929,0,1918.8895392090215
237,31.36281714379907,1,1220.1854414272857
238,35.455609629178745,1,1954.40694591801
239,34.174141363077005,3,1184.5316487236273
240,33.29392175278457,2,1465.5476620688778
241,32.73505508269135,4,1048.1101526161547
242,37.7627400495333,2,1872.9031893623626
243,31.738587895156577,0,1000.5155105416511
244,33.0598975262526,6,784.7582561213574
245,34.76929270596663,1,1277.4288365685748
246,32.869063229368685,2,1234.9851581776077
247,34.26182194787787,6,456.309355338985
248,34.05375772447629,7,1726.1008575269423
249,34.050648017192835,5,1806.1737911181642
250,35.83152158579088,1,1037.0972090103937
251,32.25439532319161,0,1723.4616497354418
252,35.57074808773339,0,806.1018203611885
253,35.15576035317845,2,1145.0175399105026
254,35.51224060406424,1,918.8576304690475
255,38.475236541984685,6,545.6493667718375
256,35.16929724973928,3,1534.6638399367137
257,34.27678282744804,4,695.0756702840551
258,28.48661841467122,9,411.5715419412131
259,33.20974474844117,4,1407.6687042680792
260,30.31994317066726,5,940.2591227155594
261,36.32641396359644,6,1246.9204694666973
262,35.770004742486364,1,822.3579356336289
263,31.03243500970304,9,1656.5921389701507
264,35.77569175954749,0,1924.351811450859
265,35.54115475603763,4,808.5967862987575
266,35.852722378705145,1,804.4162916490585
267,36.16737793014935,0,506.258310037857
268,33.48048863554422,1,847.234245900981
269,32.9030509720198,0,1346.2722225038383
270,32.25401723273136,9,677.8537710309873
271,35.05166419358594,1,728.0721681754494
272,34.13989156679613,0,1584.4088762026763
273,32.63482724994115,2,1619.8819167855045
274,35.41430250309889,8,493.55322966529087
275,31.844433928420088,7,1389.3449018064764
276,35.6462303525444,2,1191.0111939793474
277,35.72480587578951,5,786.9601575281099
278,32.682065007847754,6,1176.703575982514
279,35.25899269806765,5,1662.5149891708274
280,36.812516648162244,3,531.9806416791646
281,35.358931356563886,6,488.5694303516459
282,34.77760291218265,6,697.2229529331453
283,34.31285480352798,7,1182.7139501883528
284,34.50872485258445,7,1844.5025035098724
285,33.72667276450582,7,1354.9751488541835
286,32.78482073717754,5,1005.5180732824075
287,34.726209536871934,0,1205.1020882364337
288,31.52782942812459,1,1340.1946620801887
289,34.96728727906208,1,1750.9669274817945
290,36.50441757789173,3,1862.9375879834079
291,35.22927209610678,8,629.7783986285957
292,31.96285250285353,5,1393.5286735796453
293,31.25759289071631,6,1168.2769150821919
294,33.412627165417284,3,1567.2116347377955
295,34.17404508393316,9,864.1449122946685
296,33.27011346658643,0,1238.999450945067
297,35.127984039450084,2,1382.815646501591
298,35.605507569851476,3,1304.3252805088036
299,34.157996434280555,6,1368.989178392163
300,34.62996553506865,0,585.2837567404316
301,35.609491441268865,5,1319.1914870181947
302,33.69520142271211,1,492.18217319527844
303,33.60885376786003,3,1125.1533864278053
304,33.746266631316225,9,1414.9949262446153
305,37.53450542590305,1,1519.5377065982773
306,34.30727444256103,6,854.2031238385656
307,32.823834732740295,9,1032.508013334089
308,34.2615188435084,5,1974.2390756798538
309,34.13049886840159,7,414.98508695006444
310,35.527872685578046,7,1659.785445290763
311,32.53765018924107,1,1754.0969519313335
312,32.24610038504647,9,889.3643151948137
313,34.01813604341991,9,437.88668518526083
314,36.242145624494384,5,1786.0757679849205
315,33.1640932688973,7,1102.1195355506352
316,33.125071463375384,8,1559.9204727133388
317,35.488819630245175,7,1922.3243782133788
318,37.02015400727057,7,1148.7350816881608
319,37.78359747290719,2,1380.0288411643328
320,36.135241514414396,8,709.6602162583381
321,34.09530165381266,1,792.9751666185954
322,35.274456004354576,3,1741.62357879023
323,31.48414728043647,3,419.46589542380457
324,33.79178847033419,8,1059.8802165674363
325,33.402175524412755,5,1547.65164645162
326,36.24985341293485,7,711.4508483117523
327,34.067024286433586,5,1605.2917114163706
328,37.44024821263023,7,1086.6210983508254
329,30.563183340003995,8,1179.358191989543
330,36.54059902986244,5,1471.658520807322
331,32.66330828492099,1,599.907165624051
332,33.64638682624009,5,1237.7170985298808
333,37.91647544387895,3,1964.8794897656949
334,35.66561459870049,8,467.761755081489
335,31.79606656763034,9,1046.002182611018
336,35.56005836315117,8,1099.9015849892412
337,33.75242079161853,9,1409.9617107533734
338,33.703018341888836,7,1234.768220486481
339,32.72164900916445,1,1984.028946246061
340,37.68785692780868,9,686.7656662784218
341,33.675903107169624,1,1066.130849004092
342,34.68561659653353,4,1306.8834073506482
343,36.03751312130612,9,924.8063584572911
344,33.431499153546206,5,1306.4554307600001
345,33.5864286697307,7,1949.3951970168662
346,34.038181137090916,8,1233.1613206350269
347,33.43289445729555,5,627.458879593028
348,32.34137527160656,4,1657.197722264229
349,36.48474712357604,7,828.8848057236005
350,31.500569833839098,5,1365.8312008442995
351,33.903265659847875,2,724.8473909710308
352,32.62348828285289,3,1138.1620597156298
353,35.3077533927457,5,517.5507884421368
354,35.99227577241844,3,845.8267736730943
355,35.69168969667671,5,1315.1275447176085
356,35.99967351474285,4,1205.3698182663206
357,35.77687058186533,7,731.2047530424011
358,37.374934521550095,9,994.7849604038267
359,33.22270815188251,1,466.4561423350824
360,30.856556228582615,9,1500.1470518188441
361,34.411158216261974,4,439.69434151021113
362,33.91075391615413,1,1194.4217547005032
363,35.75787714417987,6,1856.1434463127166
364,32.94295434112975,0,1421.1405629527153
365,36.692373635700825,0,695.7209308129081
366,34.15589189383049,1,1528.2716707944865
367,36.88004722498509,0,1140.711943911865
368,34.74279764349312,0,1729.0623737175247
369,34.36582162145901,3,837.3761963263228
370,36.97344514767923,6,884.9565164322228
371,36.77719106911407,2,1076.5890087810963
372,38.36970763745886,9,670.6456088027305
373,33.560363034499424,1,1126.7332972855447
374,38.51380219031787,4,1934.7060988801286
375,33.23640389482932,1,482.35722094974085
376,33.141436496762935,6,706.3818079847463
377,33.42978375698907,4,1939.0451403724735
378,37.90176928666793,3,1409.642635264436
379,35.40754122201414,0,1165.5667581989835
380,33.196584499511836,1,1531.5515484108103
381,34.78684974040103,6,944.9191063549914
382,32.05546117075042,9,1919.5820908117923
383,36.491079685490604,4,1340.1051708086807
384,35.947943159759134,6,1879.4739422057012
385,35.36953950680173,3,1261.7323944057205
386,36.453754813749704,6,1735.9613740256355
387,34.22482740725434,8,957.1311664698716
388,33.15458506103705,5,1933.3208210676166
389,35.567684831643135,0,801.5568658454985
390,32.95778323958483,3,564.0654150219985
391,34.11593750785096,8,601.6653495126122
392,34.296794175166795,9,1999.1080273587127
393,35.39701346159094,0,1949.8481741186542
394,36.03314760716547,8,722.8117864778428
395,36.326422712554134,4,989.2274181940469
396,36.903743396883094,4,409.38888510711865
397,33.158011379106334,9,1840.1179573737488
398,38.929488052986905,0,629.5958643717121
399,36.725888381863,7,1800.6328355220235
400,34.698618022178984,8,622.7234710711414
401,34.93937613804901,9,1967.8316795106662
402,31.604453068297573,6,1135.7203277144615
403,33.23909409331976,6,1978.8723261531077
404,31.398412623731772,9,931.5493290537075
405,33.0173568998227,2,1696.9370295679623
406,36.93195019294816,6,1901.5407912039768
407,34.95265860876992,9,1771.0379058387878
408,34.895471182634864,6,590.5449582659347
409,34.26435451582282,0,860.3521295611474
410,34.407460908753734,0,1357.255394568431
411,34.01582699476755,1,1161.4544027839204
412,36.63618486970225,1,961.5722362440453
413,35.39148477082573,6,1648.9677256523332
414,34.87160691391433,8,574.1623237360292
415,32.391622732359856,4,1846.3344387127916
416,34.34448716485571,7,671.5077428833698
417,34.270499584633065,6,1750.2133758632076
418,35.879926297448634,1,417.6782281431384
419,32.77562243851394,4,449.4532993282427
420,36.652573383260346,3,1324.3666772438592
421,35.181161963133704,2,1662.4043406645465
422,34.88319408889859,9,1505.4159569274957
423,34.13889904240242,3,1412.637507504231
424,34.03830680802289,8,1908.219053105774
425,35.91078306711842,1,510.27711349629556
426,32.11482880359249,4,1662.5037579537584
427,33.96803950407088,3,1241.147021651435
428,31.793138161520616,5,1411.680736511713
429,35.004524203037285,1,1030.6599689124673
430,35.921821467101424,7,1571.6297003104246
431,32.45778335201329,6,408.07312914702044
432,33.81775043056241,8,723.7618989282244
433,33.47868505421173,6,998.4286469721553
434,33.01918107566911,6,506.3061011536174
435,33.122701520768075,1,1431.0396145438656
436,32.156148486146414,7,1102.250673862277
437,34.666159377279946,4,414.3988149834799
438,31.08612254317051,1,1573.0425604363886
439,32.21902017164436,1,1726.7561407038618
440,31.90396810909906,4,1779.2635952277828
441,35.27437902630748,3,711.8338790621376
442,32.922049337232686,3,587.5582027794837
443,34.516629193739,5,865.7507734594171
444,37.00082483435689,3,1981.5593921886787
445,34.51013816058502,6,1164.337657302985
446,34.42506561978201,8,759.8224467791858
447,33.65961446950843,3,1535.8848941594167
448,35.27712548909162,5,1825.7303090377916
449,31.124515604543916,0,982.8388573468139
450,35.75933720989839,3,845.2201135714029
451,35.79955817525625,4,1439.2655625214968
452,37.164224394629294,0,1746.3545832137063
453,33.9123767316752,6,602.466166816224
454,36.23078559596723,2,980.2997626832447
455,35.34825366599584,5,1236.6097261612504
456,36.40206076857713,4,1065.4053555158207
457,34.879623645868364,6,643.9622896987174
458,31.482210203646865,6,1128.5790686039472
459,31.92465312478214,1,1885.7808448901076
460,35.344165371277654,9,848.6397533393592
461,31.52117947098376,2,1702.1871399207857
462,33.00479085977722,4,1406.4695534046086
463,31.916279181064077,3,1926.0375410541183
464,32.09858720402713,8,1305.1959724942385
465,31.584806888990357,0,1664.4197934476833
466,34.847048522878026,4,1551.3374349014061
467,34.76455877638447,9,1438.9240538316865
468,33.77764751625413,0,1297.8821543300091
469,34.83048966134717,4,839.9443434307243
470,35.839603939558046,1,640.573046857425
471,33.30048099132762,1,761.7445161679923
472,32.435637244591724,9,874.7511713405146
473,32.04179698854664,9,1698.535709180183
474,31.193236614412072,5,1794.3091580847783
475,34.42931098724426,5,505.73005789798236
476,30.403410735630327,1,805.4194532526127
477,34.65308628676189,6,1594.9903806815748
478,29.197170930313824,7,880.2866164939387
479,35.27381922394153,4,1181.062356415608
480,32.96572485354853,5,435.5166827050061
481,31.050595689535918,1,948.1523288604163
482,37.394785282288034,8,998.7490252004658
483,27.724024325756123,8,849.5738002041682
484,31.579080168293927,5,1940.6506484706015
485,32.74745118024181,7,787.4622254404111
486,35.41839233799964,2,1592.312277778508
487,33.79491797458108,7,1530.8548012434426
488,33.08667677165113,2,441.28529930365266
489,32.798625124075826,7,1923.5582853660744
490,35.167079294161105,0,1504.75203595527
491,32.64665946112261,9,1170.0519612647734
492,29.44057435925581,8,1304.3304407254013
493,31.386827991634313,8,884.3768424029852
494,28.5755075101717,7,953.2003087583204
495,32.51978588781594,3,958.4885385689967
496,32.46344032163929,1,1081.5536090040055
497,28.21591994840795,1,1451.178541156309
498,31.548162963599147,6,888.3149571378267
499,33.69791786029149,4,1181.238597815516
500,32.27058690691524,4,1029.7849237201995
501,31.41808720393294,6,430.4099387233238
502,29.641754650754624,6,1932.4191410181065
503,31.46558695894366,1,1764.9587959568235
504,30.78532907864782,1,432.1116932303786
505,30.840069847477352,2,1631.1333941332032
506,27.08353160801897,1,982.2656837374969
507,30.931942924537783,7,652.1795573610812
508,30.719031191879566,3,1035.5133744732875
509,34.501231101253396,4,1649.8798270190275
510,31.16686623581459,0,1019.1268744222662
511,31.488829930258856,9,1809.0326386497175
512,30.392592562095253,8,811.9288973243554
513,32.73023465078281,7,515.4323165743244
514,33.99611937307082,0,665.0034147819689
515,33.422206269287116,6,1857.6727902186146
516,29.811532230069396,2,1235.531741074701
517,31.780521804507426,0,649.9839041593071
518,30.22162159929371,0,908.0011096747995
519,31.70103613315347,2,896.1093557696232
520,34.56235161059674,7,1772.8793654901135
521,35.16655241909027,2,1902.8605983870866
522,31.588604622601963,3,497.04186917184643
523,31.040773724435404,6,1425.8646349367784
524,30.842246473344254,7,1622.4995003190481
525,31.20444922660729,8,1284.003049034152
526,29.55136125614954,0,1088.6762921687964
527,31.786482072585986,3,1283.9833557200632
528,33.558785632983465,6,949.7516925625831
529,27.934361023004012,7,1797.4881814373432
530,30.653627163996763,6,1286.9092015755964
531,34.51216238151698,4,1632.7405573810665
532,30.172685554240893,9,963.8386954639607
533,31.613059767839854,5,1037.0441372000764
534,29.550670016211775,6,1210.0112233910772
535,30.72043881009832,9,1350.3642945700285
536,33.851832080732855,6,555.8525794344246
537,33.92442668433834,8,1947.4784938593402
538,31.834611911576136,0,1243.908054263809
539,30.959654386593524,1,1507.7703656926315
540,31.487821445660153,1,1574.58784417713
541,31.108299261596315,6,1919.9121529243723
542,31.46990959885039,4,438.47267498325255
543,36.64483465738752,1,691.1158817913401
544,29.38251497587864,1,877.5977096841596
545,27.252871442284068,9,1103.4964956207489
546,25.70777654478382,2,1073.2387607812013
547,28.144830295112893,6,458.68172458481274
548,32.87714818458072,8,707.1470876835027
549,32.01377087859237,4,1632.1485043716757
550,28.384036875448068,3,1879.1809723240108
551,30.862272214835354,4,1453.23347838202
552,31.463715836807836,3,1596.0602988564656
553,31.283377227761193,1,1829.6537946252893
554,29.092783094183257,4,1348.1948609242436
555,29.12632886644013,3,933.2208758622471
556,32.967103829763325,9,471.57524722350405
557,34.334876095704956,9,1611.7273538155073
558,33.82563111990411,8,1107.2175576241673
559,29.02029214260596,6,1262.587986259664
560,30.464677719545683,6,1019.0944505792996
561,30.93000312441956,0,1830.6291000568908
562,31.571754189712756,5,622.6284777625781
563,30.155473673457056,0,993.368903593586
564,32.51751356328245,9,1486.323635364442
565,33.91261113194321,0,1063.3732667161285
566,32.63030375056296,7,1747.0050887378331
567,29.937274454686015,6,1518.2338548511962
568,29.131864992689206,6,740.3432975694411
569,31.238955195450036,7,1212.868424081681
570,26.336929113583764,4,522.2992934219964
571,29.946395311110983,5,572.8219279950645
572,28.484777499372132,0,1091.4455611545964
573,28.194689513558288,3,1332.4228754491237
574,30.80020713517643,3,856.0704738940311
575,29.95335829847786,8,491.88464964023296
576,23.270805113498053,3,1872.4715177660685
577,25.756266533690447,3,1014.5359029861924
578,27.32954141810182,8,994.0066042392916
579,26.03547599047311,8,402.12405255768556
580,26.835633247995222,1,1846.5585226775102
581,28.216869742305516,6,1654.8653935899417
582,24.98953759726549,2,1402.8165011864369
583,28.718585732441902,1,1059.7061740568233
584,24.49043878163902,5,1038.3714315766101
585,25.829163144598116,9,832.3784870511445
586,25.488401426995093,4,561.3961274603159
587,27.034566815086542,1,1882.5979862453075
588,28.558196939002105,2,1814.290347889137
589,29.158526281676025,2,955.2494979010289
590,24.9580681153709,5,1414.494093061685
591,27.67654905419436,1,1198.182941936885
592,25.99340580425188,2,1086.4468055325588
593,29.08233106140555,8,530.6222101039721
594,29.473385284589092,5,778.1176900789403
595,27.00752679861462,9,623.3924251349684
596,28.83931266590346,4,742.9428337583222
597,28.852315423112906,3,894.9861072228392
598,26.88080989085172,8,1930.3414184686644
599,27.79271376962041,9,1911.66920033885
600,29.302239366084013,8,1005.8603907313083
601,24.487155330460812,1,987.6607147297979
602,26.14324697831899,1,483.79679338957527
603,24.833017060187853,2,924.524242474078
604,28.226582031401136,7,1420.5808501606439
605,30.03119681567261,9,757.1457117614616
606,26.913344246775587,4,1047.3873321334868
607,22.29986751626376,8,1755.0906878476071
608,27.613387757436048,7,1472.2329761146775
609,28.60651515044369,1,1601.799501521139
610,28.511068447144076,5,1941.273240459832
611,27.024222032409494,9,693.5263932511513
612,28.979990481280947,3,551.5180741354652
613,30.403715418955997,2,1062.3192879988587
614,25.984383572355505,0,691.0723176110332
615,28.9810213554832,0,1075.8581819927224
616,28.77636507609372,7,1934.8949585221224
617,24.9413932296141,5,688.9917916408573
618,26.724209283807905,0,1129.285332624246
619,29.62655907380265,2,1519.577706816685
620,29.953912410734834,6,1347.644379430976
621,26.686320962445457,6,1555.3335835403577
622,24.58136192664768,2,891.9017526051093
623,25.06978445669121,2,464.95259029234984
624,27.105217935459166,9,964.4292543539034
625,26.220486371273463,6,1295.1705287120808
626,21.970025567239837,3,1593.6378234903434
627,27.251896066708024,6,1398.2378073182026
628,25.01140652450626,4,1909.102283593622
629,27.320651213480268,6,847.0653645173719
630,23.93600870897066,1,516.6771849914965
631,25.476865259761617,6,1483.3592666442985
632,23.72697221879219,2,944.9340886617707
633,27.752318774316876,6,851.8271659857585
634,20.79440101816459,2,1328.4826050573113
635,25.536002254358316,3,1325.9098029389475
636,28.15929144758144,4,696.4600762506118
637,26.022891717395602,7,1150.841309215105
638,28.40627907611936,1,1238.8800196735272
639,27.10160059111269,5,1272.1690043384385
640,24.117538182629566,4,559.2535381157937
641,22.57207648184383,0,855.793016550656
642,23.529152736505374,6,751.5435561631335
643,23.326461790492353,2,532.8910666517868
644,22.427116962917708,2,858.6990063923391
645,24.42608561411245,7,1907.672546346232
646,22.457344674738764,3,1412.1559059297242
647,20.84408365699573,8,1683.0324324725912
648,23.661700789216788,4,1204.0250683321983
649,24.635534141574283,9,1141.4479597560112
650,22.443339098790748,6,423.5244362901833
651,25.691511094719026,9,1376.7772053366077
652,24.738682482733136,1,946.0414366789156
653,27.531841299141764,5,831.6090204845177
654,24.826608171117712,1,664.9882928378825
655,27.39902552312091,2,721.0904917881853
656,25.448743880592925,8,913.6174533096254
657,18.362741101571675,2,1834.0721685420249
658,19.426285454278826,3,1036.4541083604488
659,23.64631939725198,3,507.4739358376814
660,22.355948074300436,9,1660.1086597180251
661,21.80315956244662,2,834.8656924249528
662,26.80117609487983,5,1618.2724670458585
663,25.532318637877246,1,1468.713267429595
664,26.734302241169072,8,576.8573291780438
665,20.76644749278602,7,637.9321384535409
666,20.11378238480416,7,579.3707178394066
667,24.54831106609051,2,588.5492977040553
668,22.93442789181103,9,1827.3633387897098
669,24.407942270867462,8,701.5851909222272
670,19.95969761613916,0,626.8111085769856
671,26.637374184304555,8,1611.3310860966956
672,27.8463667269965,8,1596.0341316717515
673,19.77500225521467,2,820.3509974282535
674,23.3139043561574,6,1515.625137934016
675,24.139834072461483,7,871.4772159239241
676,20.492035075541168,2,602.5926973745946
677,23.764698526254957,2,1812.4773067395367
678,20.453478687608918,6,1120.2931485142112
679,21.827621086355972,8,1306.3147593301176
680,21.852325383970644,4,613.8218797184118
681,24.60354801467056,6,1849.515099690994
682,24.656287615914156,0,1497.4145502205695
683,20.70683586019284,2,896.4901340830213
684,22.143229090117806,9,1322.1234209836944
685,21.038247514885203,7,466.8612545418796
686,20.836525817783677,0,849.7740973661713
687,19.559385182389615,7,542.110720343796
688,24.290046248639865,7,897.3894256860501
689,24.105702267839487,4,1566.4547134521915
690,22.74615986674876,4,1511.2634693152652
691,23.624963531537567,3,841.7478298747632
692,19.204181130612955,4,1110.225041801897
693,25.25538470278201,1,1999.374441144702
694,24.92928073851393,8,662.082376733068
695,23.115423166763602,4,1264.4426109400863
696,21.88059551785501,8,1330.1612810517981
697,22.49465357195095,0,1384.6509506897946
698,20.886406782227702,9,639.1511626922361
699,20.670801403420963,9,613.731822303859
700,21.690057835303,8,664.8085177870336
701,18.7565844024996,3,1406.9398464134251
702,23.306876356404345,6,684.447537035001
703,20.592321768553752,3,1824.8783440759564
704,25.620607206619262,8,1157.2678471436207
705,20.024005344683566,3,1995.8945620264487
706,19.91010291883061,0,609.8068191909563
707,20.84437607894507,7,1503.6925939583557
708,21.30834345270999,2,1085.3413861476924
709,19.868660655535145,8,1202.0825544494087
710,19.714599627054348,1,858.5210511655839
711,18.915146276518925,1,1005.2385652738966
712,20.291509050615517,1,464.3790060137704
713,20.18050178745939,9,1776.9941828591684
714,22.314374470947286,2,577.681418945455
715,22.29330210786373,3,1670.591332906378
716,24.856192396858578,1,1337.2046835239703
717,19.91642164237452,7,1067.9702895860205
718,19.697658809707374,0,1203.9825458111727
719,20.5053129968242,9,1326.5097669460554
720,23.26064462417646,0,1289.3914407653683
721,19.27058640288542,5,681.0327839941136
722,19.54587421966756,7,804.5697350859307
723,16.724470750070278,2,1947.5785145368527
724,17.942349476998906,7,1652.3377315561102
725,19.868516407716687,3,886.4700868030903
726,17.863627530959306,4,1647.5579400400716
727,15.842318723045352,5,674.4074697118284
728,17.836243492608112,7,1700.7056842034144
729,17.924837155529577,7,1476.7339316776788
730,20.557746819650426,4,1879.130356656019
731,20.216897297008536,6,1689.8537828572387
732,16.07705170068246,5,1713.104192756861
733,16.698279241642744,7,1742.0150958142722
734,24.636771430393832,2,1142.335307872222
735,21.279567698466696,1,849.7949067603986
736,19.220077443512817,1,1935.535407252917
737,18.108208340066348,9,751.2736796831739
738,20.118515204149183,3,1104.2511353932623
739,17.648820176729007,5,1776.8596504602242
740,18.085344494528233,4,1856.6766877758828
741,17.820682107275825,7,1921.6291461462454
742,19.161657881746745,2,883.9506660552764
743,19.946854297415506,4,1363.4315418097422
744,18.172237167250465,5,1942.0708903696325
745,17.530647958661554,2,1342.4020892108442
746,19.27784595035764,5,1416.3338717212544
747,15.736089031771762,9,1750.0161951591965
748,13.376093838418107,4,463.40497527991465
749,18.32907468169132,2,1025.2158751862048
750,18.409114621447138,7,1517.084652136464
751,19.036717661944913,3,1345.5124160171058
752,14.489259361865097,4,1816.086136042597
753,19.789517759741056,1,1006.1892903427182
754,19.336167193401394,7,680.9888832116305
755,17.923034761085997,2,1717.8207733353495
756,17.79029269445033,1,1635.6909585116143
757,17.847849491108178,6,1244.2117686387317
758,15.385866818685667,4,1504.682220138198
759,19.197109688103083,6,1262.740354094812
760,16.52445610341171,4,1992.175500721023
761,16.17668074910091,7,1795.9269971397919
762,19.542625022617077,0,1340.4703265151445
763,18.157686521163736,5,641.496769815092
764,15.93186279509512,2,1862.0997629739647
765,16.82019411579182,3,1702.8001420612632
766,19.155543983321678,5,1850.3678610155716
767,15.869536943114898,0,625.5573127348333
768,18.596452147201422,3,788.6364392481614
769,18.006489276706397,2,1315.5067251319592
770,15.21127508006546,7,1296.2446435741017
771,15.367904054180213,9,1464.7258477008056
772,18.23810643446119,2,1764.3662676464887
773,14.661505159671727,7,994.1935120566357
774,16.68990582197528,4,1536.0675258952735
775,16.787737154663958,7,1024.2178553961649
776,16.204158734105256,3,1944.731286181233
777,16.013265002742617,6,1635.7810812618022
778,18.748403493174777,0,1191.017746094482
779,17.481206185216013,2,1709.8054272110364
780,14.763711078758195,3,1524.2411404768643
781,16.131181246692265,4,693.7649324591117
782,14.25523640775857,0,1380.354618311944
783,16.741491044977682,5,1040.7605704036878
784,19.552853008985274,1,572.8180703901693
785,15.787766940685215,3,1459.3161597505655
786,18.226340280016345,0,939.5275633567306
787,16.829133467794893,8,1632.6038390204517
788,18.75552431476582,4,1313.9877948736198
789,15.306933467809246,7,660.4623173669021
790,17.108528587900793,4,931.3404326486617
791,13.316406649212153,6,455.688099544874
792,17.441610794177222,5,1479.0602603933264
793,18.64422119632208,4,931.2499956091551
794,16.76769779779058,5,722.9115015104792
795,13.829848564381782,4,1930.7071351720813
796,17.017112438453918,6,441.13687509669523
797,13.547376105095447,8,1440.9754522184935
798,14.296789266745494,3,626.8761483585367
799,17.91860203407932,1,813.1268710080335
800,14.965635963140985,8,1621.938492154426
801,16.73161650197302,0,1252.0168295109322
802,11.354270052765818,8,814.1920214572115
803,15.920627973535623,9,1622.7507991131774
804,16.264595051349332,3,755.066378269514
805,14.286858646041763,3,596.8965866846336
806,17.931974886671707,3,1952.2135986878611
807,15.481886969923073,5,1373.5514355053751
808,14.044959890934683,7,1144.25825485781
809,11.997890385202245,7,447.38855424604117
810,13.242104049169956,9,1772.4965559111477
811,11.44268763347062,6,1218.1692385173951
812,9.83547965475822,2,798.1828896046193
813,15.161733088589726,5,923.189687667128
814,18.016390488199498,7,758.4055724777936
815,15.439801436647596,5,1135.0592448601114
816,14.37357848142067,0,968.4071854927403
817,13.14384040914108,1,1014.3380108314444
818,13.148440052748693,7,1498.6185028178686
819,14.503362296153284,3,1234.8333997701798
820,8.40509858927863,8,781.241494007789
821,15.153278037890637,8,1409.2988119432089
822,15.884155744749503,4,1927.538853825654
823,12.43166148816933,0,1158.6381848977712
824,13.134820113715636,1,962.9500525614702
825,13.90361414612517,7,1286.6347446062002
826,9.313077976774792,9,460.3790599154381
827,15.699820112858934,7,963.2907324422506
828,13.161560032418825,7,1402.1356940398437
829,13.35652197512558,2,1245.7445636193902
830,16.127558141678183,0,1301.4385027427988
831,11.059501184104516,4,425.9450644118358
832,17.082860258979327,9,1631.4312422984142
833,15.937667992126878,9,1949.9425429241028
834,13.243380051519269,1,962.5496475943205
835,10.840310498962573,7,1160.5128553448433
836,14.15557883508706,4,608.99957614778
837,12.822475037882356,1,1664.8362125563617
838,11.110866556839504,1,1929.3693923524102
839,11.999235803492668,7,1987.7287166614658
840,11.327270670805746,8,1348.1727184482602
841,11.793619119060613,2,1153.168905634127
842,12.494275120245595,6,1495.5495220912296
843,11.550206559587592,5,703.3098176671182
844,12.46626221578631,2,1565.3861394560863
845,9.800525240824427,5,591.483291763844
846,11.346714399686691,6,1024.5510613869992
847,15.66028684953995,5,857.9656844007741
848,9.418471262098954,2,1542.964848863682
849,13.18171606835698,2,576.548982237958
850,12.28833752100613,4,1588.828232298716
851,11.255644149390923,0,1075.860976270757
852,11.101342994542858,7,1144.7404111428054
853,11.162670228763458,5,576.3172874395101
854,14.415937462466864,7,889.1584186508773
855,9.201436654360275,9,1365.4006465671023
856,10.56457262165492,6,1662.3276439590422
857,11.460026744919707,2,1829.6198332906242
858,9.852554188780333,0,980.5463402562889
859,15.025242189272763,0,787.1196757442849
860,11.795538941934927,0,1506.795978701511
861,10.141709656152893,3,715.422640210269
862,10.935377476783382,8,1844.1554672551433
863,9.711861586353645,7,620.3732387429613
864,13.232254779588423,7,642.2672051516107
865,12.032612351272626,9,1133.8791408627226
866,8.143823932030845,6,1881.746214894023
867,9.922068888695106,3,1293.1293611961178
868,10.277787613307973,3,1480.5893545490242
869,9.835400591806138,8,1650.540563008443
870,7.607808058117209,3,947.8794639779285
871,11.611662831214874,8,1981.290449073884
872,12.471086776078325,3,688.0927692673705
873,10.388276427360537,7,1967.6699785880946
874,8.390444210951769,8,1455.0517166566801
875,10.907121408868694,8,1411.1730221547582
876,9.379796192149502,3,1529.5015835493546
877,10.741689231934757,8,650.7152604560019
878,9.841456373470287,9,554.217906756578
879,8.558009235121508,5,1752.3082129905729
880,13.391603828356217,1,819.2606228976626
881,8.078051271692093,2,565.0037726557821
882,11.271863290545078,8,980.90991342507
883,10.020128891618766,1,1194.387710627695
884,7.856181264741927,1,910.6583648527833
885,9.085675200397691,7,1583.0359838289125
886,7.168196738554833,8,1825.7635730583456
887,11.479190397307544,2,1868.9050712317578
888,12.013621933239545,0,972.14513665115
889,10.483865350185935,4,1328.3104157429707
890,8.866494429251379,2,1228.9226579736317
891,8.198041385429487,1,958.0789599039554
892,9.436168962948582,6,551.0483780934727
893,10.446897025087098,8,1835.5714911885777
894,11.808721166160222,1,976.4861080252292
895,5.991658305523868,9,632.506777099382
896,9.85127157777132,5,981.211632305231
897,8.34655018334825,8,1019.0932717517555
898,9.462419670435509,6,1519.2617255773134
899,9.66479930627247,9,801.3758165319477
900,8.920445265405128,2,836.5030306691473
901,8.857912248208029,1,1470.3427856756466
902,7.792687124765877,2,1267.3882608212575
903,9.70723917819439,3,1450.5062193052415
904,8.79568186126654,8,1675.1585543295714
905,6.425253369655635,9,979.4902905329627
906,7.135331774333389,1,425.57298271521057
907,10.758108485620063,3,1955.3263314239784
908,8.46771737494164,0,523.777051891816
909,8.107498969727349,5,434.951788756884
910,13.1843486062172,6,694.4121582902026
911,8.524225902801897,3,1562.9447986142784
912,10.031165019740724,6,573.0472478128071
913,6.4721161351740335,4,1246.9600404606222
914,9.075070307144372,4,1084.9706258716196
915,11.444147694457257,4,1936.230487214655
916,5.945607120137479,6,1903.2613769532788
917,7.203897368254841,8,928.5157163795725
918,10.982080319471912,2,1904.219464968485
919,8.751197084309885,0,1156.7945597109956
920,6.817642295206023,3,1524.026883061038
921,6.847551363909247,5,1038.725157272404
922,8.083815735210287,7,1917.5995700408196
923,7.118513024473845,2,444.4898292805329
924,9.366945470307643,7,413.86453466980345
925,6.817758776342754,9,802.6395409297231
926,9.216070577539877,5,1294.9542386040835
927,8.117629564849272,8,913.8450418606756
928,9.082108771360923,0,1956.8012866911458
929,9.649387422547061,9,1021.0751783665453
930,6.212038629101672,8,724.4652202058448
931,7.586815947201774,0,660.9079702006621
932,5.841953298566949,5,698.4147932284386
933,5.467531516512336,4,453.3776099044708
934,11.010031596168297,6,1791.530825611242
935,9.342898133825747,5,1041.1320945985037
936,12.097227250022616,4,1795.4584579216605
937,10.735720324959257,8,1032.1692227600715
938,6.421912789330959,4,936.2360252565832
939,8.3416472131253,7,489.512032311637
940,6.068092032619007,9,1971.9644270806816
941,6.640293685243613,1,1806.365249835505
942,6.055793417667873,3,830.4258516835705
943,4.9227603773726365,1,1901.0396599020385
944,5.403824962083734,2,869.3633197065428
945,8.576818008042114,8,1208.6323480837004
946,10.802103719076376,0,915.3239041041593
947,9.556702311627399,3,529.9835381493558
948,8.643044984748908,6,1186.9968251488763
949,3.716011460072345,6,803.5005803924469
950,8.639262055280433,6,1697.831788347188
951,10.358973035643666,7,983.623758755409
952,5.985256007509472,9,1476.6493426008344
953,5.106750275847865,5,494.221568942379
954,8.929110989830578,0,1782.235368893499
955,6.715423847243766,8,1751.1680579864635
956,9.272728490261231,9,794.1873092712674
957,6.387428858550102,2,1871.4357780806174
958,8.449214233475402,1,447.79726915710665
959,6.588683908233694,3,830.7667228731127
960,9.978276313658526,5,1741.7653787081726
961,5.1868161797522525,2,1202.410694496164
962,9.608683318616748,3,1962.3659513728721
963,5.9129427079196155,2,1803.0319035770897
964,8.733792337598109,9,658.9566648791412
965,6.029015577591668,1,429.0127192265624
966,5.205449037536097,9,1986.0401642851753
967,6.889657288032811,5,453.03440319889836
968,7.313718995873774,2,1499.8568646894487
969,7.3522647359559326,0,651.9107828625371
970,7.402350147261416,9,1501.8079259215324
971,5.478980839837937,8,1283.1325995210573
972,10.59759667165786,1,1290.307735088483
973,5.081149274119991,3,1381.6230992519659
974,7.134957257178524,8,1470.2479251200866
975,8.960440172385095,4,883.9967020111516
976,5.488150728844811,3,864.7140694597163
977,3.4886373539627273,8,980.607739187601
978,3.219813550934597,3,590.3844920486117
979,4.039953917611763,0,1837.403668197689
980,4.229494908878163,8,1608.848340846924
981,7.563952901447327,1,556.1541246130822
982,5.735704829974244,9,1041.890300831191
983,2.614778914274372,5,1692.1663228744985
984,7.573302400017151,0,527.9651686936986
985,5.172288105650979,5,1021.2973593119161
986,4.044685239610368,6,522.0667987186927
987,10.30334326254285,9,1293.7848069686916
988,4.3354069314572135,5,1789.8626653579176
989,3.6080390903202293,6,1577.7683288961798
990,4.788837555024065,6,993.9840428863331
991,7.25952617434899,6,1478.1767334278288
992,6.376050677716865,2,422.38726109524475
993,6.262281481576783,8,1097.1028794811364
994,7.724704895155877,1,1404.7058065063616
995,5.298609237935248,3,452.3356895726623
996,5.214177695514437,4,889.6036269512653
997,6.240707773227047,2,1999.6793353242413
998,0.8222106182174729,9,615.9798377993603
999,1.6385916643716998,7,1916.6351941860978
1000,6.158184100847471,5,1366.7925541182474
1001,5.838349778649344,2,785.3094849329077
1002,5.292652072008285,4,1235.5380497755077
1003,4.085510404294004,8,452.680122216645
1004,4.055944092102232,8,487.70956155615136
1005,3.660454585786968,0,1798.7837632543883
1006,7.08103138161432,4,1626.5527586057315
1007,6.197690254574823,0,1178.925552474289
1008,3.765985333084017,7,1896.3144578903887
1009,6.290785926748102,2,1070.7771608832463
1010,3.6957505672722415,7,1744.8172458482022
1011,5.475661909095584,0,1887.469220825969
1012,4.235507673843399,2,1950.6500298091985
1013,0.7189108151939614,1,982.3137872623438
1014,7.86242196759528,3,632.3001393747297
1015,4.604915899778981,4,1044.7822082794767
1016,4.381478337876291,5,628.2951440166919
1017,5.4228309137183786,2,1124.7677937526234
1018,6.420665883523365,3,1725.5784098457102
1019,3.7480178085315057,4,1536.431044745636
1020,5.017585914333408,4,1540.8340969535845
1021,9.146804120898915,2,880.6578649371838
1022,2.762149995941839,3,1960.397575123395
1023,4.534897331974314,1,1470.0542621018526
1024,4.404874770789788,7,1820.9357655126016
1025,1.5273918169039904,7,1118.464635524237
1026,1.7709142902924486,4,1274.9312668673667
1027,5.477917279023087,9,1906.361220464076
1028,6.864431914687273,9,620.608359881428
1029,6.572204766086354,0,1044.384860404011
1030,4.86325393906472,2,644.6807565494572
1031,8.264360007358789,6,1895.3936980914148
1032,5.480657800845323,6,997.0371026753807
1033,4.459539141233963,2,763.1225821736336
1034,7.2115637864941124,5,1608.170126547174
1035,8.05805250205831,6,1116.2155660908013
1036,4.046495368397312,6,780.5540694245494
1037,0.2791459025036991,2,1369.3978300414628
1038,6.06085643451612,5,1421.7437063874818
1039,5.7679756484775275,6,923.423588619759
1040,5.06094430785626,7,835.6666381559064
1041,9.214065037932393,1,1282.6458952354747
1042,3.943540131644956,8,903.8307229675559
1043,3.5259500983506804,1,1588.812891787491
1044,8.486133802008,1,1038.2812781928847
1045,5.385691227316631,9,1540.1092105331902
1046,5.702696303835574,7,1547.1066574312079
1047,6.035538883583958,0,489.18587292687175
1048,4.072919637530234,6,1667.4996060689446
1049,0.8118022476416789,3,1767.075623654442
1050,2.211692678747956,7,1499.5291022544495
1051,5.244302361069653,2,1821.063363918511
1052,5.050617027877953,1,817.6845215227768
1053,5.023552460145467,3,1316.5625100703342
1054,4.492443602854826,6,1672.9231925026227
1055,8.912450414424118,0,810.3532272011935
1056,6.791637928837165,6,1027.141007587901
1057,2.860500874941827,8,1709.0251642039163
1058,3.574266069758447,1,800.6402243256648
1059,2.075846800895999,9,743.426642836791
1060,2.473671640956242,2,1464.172487078667
1061,7.762058237553026,1,703.3429220675532
1062,5.5329836922997995,5,604.3697167826438
1063,4.563060596972419,9,1054.9863181860571
1064,4.183917403706078,0,1762.6428762191836
1065,1.155477636098746,2,507.5216129473317
1066,2.109483285202965,0,623.8329324750168
1067,4.190464117995822,4,916.6076229608964
1068,4.142901798250865,3,885.1380026902426
1069,4.892493354570452,2,1263.2546823167938
1070,5.015651028087329,8,712.2124382591442
1071,5.047266825377066,1,441.07620681947355
1072,5.1029101262560275,4,1072.2526482958958
1073,9.63334085455146,3,840.9500925612751
1074,1.9597878033382132,6,425.9479306703039
1075,5.092862059936231,9,1655.8502792235504
1076,4.2822031211555025,9,1429.4036606370246
1077,6.774643806363956,2,1387.1371387829738
1078,1.1225067665765889,5,973.6180590310921
1079,4.345118126660693,3,1975.271819361502
1080,3.388486753719673,5,1150.856968426628
1081,5.029327932316987,3,1898.1126756819149
1082,8.297480500064971,5,1986.8385709821616
1083,4.649784264711386,1,498.2910353829087
1084,7.653955099772512,4,749.071988515675
1085,5.69563465507259,1,1409.6493346505063
1086,4.050626148896602,1,570.3609158806316
1087,5.847347757947604,0,1758.183162262263
1088,6.760700533370054,9,1131.0733343906159
1089,3.4391620663859612,7,1573.069551688573
1090,6.209446986007961,3,1896.9573190208016
1091,4.271553826575382,2,1028.1266512180644
1092,2.6375539041130756,2,624.3020427459072
1093,1.5925418443109,5,1250.9928314133704
1094,5.75844841927991,8,640.1835848968037
1095,2.105383265602309,8,1490.6993549920048
1096,9.19393507735601,4,819.8862412770445
1097,8.053235241193308,9,1171.737071141502
1098,6.000144699119581,1,1891.5549876578193
1099,3.1938351536960985,9,630.6090199472949
1100,3.7697866992345714,0,1630.3461521731901
1101,4.309294062019629,0,1010.8252304852814
1102,9.29272773716503,6,734.119568006462
1103,1.8729844630119898,6,1671.2098590883877
1104,7.019896141221896,7,1472.5315232595979
1105,6.711903121157372,7,1675.9725563825118
1106,2.436152751513417,5,1298.1496803647115
1107,5.734532207912184,3,592.1555893306397
1108,9.351503440559274,4,1449.301653250736
1109,6.2827213456955215,8,880.6785122717299
1110,1.5397619707944576,7,1926.436542062661
1111,1.586626470425088,7,1623.1678237542865
1112,5.125438000561212,1,450.5893179352807
1113,6.127688709380002,6,1877.117862411681
1114,8.03889629683632,2,1790.4608641515076
1115,6.659923027886375,1,896.2675146068591
1116,7.24620788906868,4,1878.754589764545
1117,7.150029774570148,9,1599.8651270204693
1118,6.264596795057455,8,1957.3405914826528
1119,7.0391234661472835,1,1536.8181377523656
1120,2.0933233317008795,4,474.7115981218698
1121,4.934424289271208,0,1754.6002197359126
1122,5.781153547662644,5,1768.4918237298823
1123,3.4754025548539276,6,1197.2184978729424
1124,5.72875458478395,7,740.989201010797
1125,9.22695872532281,5,1808.0102360386227
1126,6.718404983685514,6,1761.8479231777796
1127,3.2035092635694316,8,1051.6581591841887
1128,1.5276804762285603,5,996.4001730557524
1129,6.02725068116194,1,823.1420125660151
1130,3.8239582437109494,8,1342.692206411893
1131,5.197847083860191,7,1118.1566039647644
1132,6.432554271779264,2,477.1788711468439
1133,4.379679281377866,0,912.7232770075984
1134,4.168803844042386,8,1799.4340660989135
1135,1.6538741084860216,9,1944.7734204729632
1136,7.616983820990112,6,993.8149180721977
1137,5.946332908897132,7,473.59337606538344
1138,3.4773094741521415,3,1319.1885862089866
1139,3.482462216973549,3,1695.7637807747942
1140,6.759270871475763,4,1041.015737658543
1141,4.509389304341332,9,1845.3545691727418
1142,3.8704438085588992,7,1835.9679576243166
1143,5.351830733408152,8,1417.2514997610028
1144,8.104929553423771,2,1408.7515734167514
1145,6.491730187752509,0,941.5606076066124
1146,2.589814936178715,6,1209.1975316601242
1147,4.828016109172416,1,1656.2579704101875
1148,4.736031725791686,1,717.0349741705968
1149,7.961914171759073,7,1739.3737315337582
1150,6.00942157183494,9,1778.1881483799878
1151,9.087323492559987,9,1431.2231255411416
1152,7.959407032283993,8,635.2308516407829
1153,7.594939163989306,1,1033.619723612182
1154,4.844613230677741,8,741.1215385364999
1155,5.9149773381421396,2,1002.3987961711947
1156,7.602784882474112,5,1669.3122719499363
1157,7.95007150918612,0,1696.5875558627963
1158,6.17937661991595,6,1579.3476023261842
1159,5.1706648667141675,4,1455.4142439826223
1160,4.286091948942556,2,1263.6904662477193
1161,6.886954624214578,1,657.9586031535641
1162,8.90067173915169,3,658.393774986679
1163,6.146907692841998,2,1369.5116097058487
1164,4.6270518374282235,7,1202.0009423059776
1165,3.0350928977376688,2,857.0269777209373
1166,5.833662448095947,3,1174.5957247002145
1167,6.454762918192587,0,982.2966044682021
1168,3.8379814369555865,1,1153.2606347347428
1169,7.535015343296131,2,463.8627587475332
1170,5.422418809011607,1,1290.526371381708
1171,6.8420924513562325,2,1794.8439934071769
1172,5.2595994062872595,8,1722.2215369828007
1173,3.899277881107864,8,434.74433853424534
1174,6.270055099720994,9,1389.339206655713
1175,8.752324098268108,8,1196.8588473056532
1176,9.571739993338836,9,841.7985563860093
1177,6.380689238961232,3,624.9648662289742
1178,5.388653570734677,5,1641.8746295534218
1179,8.64740681336211,9,1864.1537668976655
1180,5.029595417275528,1,1759.8986989654572
1181,5.668858369724261,0,921.9997466555861
1182,8.394371503434485,4,1908.5423247511503
1183,4.639795282038751,0,742.5949938349343
1184,6.129024513271759,5,810.3283197213086
1185,5.393039016720429,4,1747.597016745497
1186,7.445124512230077,6,1455.2995023970284
1187,6.546316663593441,2,939.0539020573395
1188,8.134104210285741,1,1696.252757717609
1189,5.076612162677966,4,1000.2437858472601
1190,9.158403425962506,5,1496.675744326778
1191,5.404157991339517,0,1122.6576589059073
1192,5.6802144949191105,7,975.7658355106798
1193,8.129861979466122,3,920.9686029414999
1194,10.120468635279426,1,1315.1274120646349
1195,9.478710724862804,2,944.4864985118263
1196,2.905134065485824,9,1634.9296599664056
1197,9.459640985074774,1,496.6980775463613
1198,7.502703909220791,4,926.3562955881077
1199,7.02901907995001,1,1554.7132284285024
1200,9.27394137863649,3,1628.4872862140044
1201,6.109251203239165,4,1824.5027593389968
1202,7.760087066339677,1,1576.5124074367848
1203,7.009530585305597,8,1493.3246089790348
1204,6.12222281242499,0,1778.3168680384038
1205,8.413001993431461,0,1722.3455953279686
1206,6.303960896223014,2,1721.1398976923167
1207,5.41570282750647,9,1452.686037502125
1208,9.113164164248474,1,1715.6957170308322
1209,7.538135466289452,8,1967.9877677134693
1210,5.609022695479377,3,1901.2751043973335
1211,4.009433415302459,5,441.75412355885106
1212,7.494494627811974,5,1760.8438247288188
1213,8.35010031478932,5,669.756500543845
1214,5.547814197025801,0,417.564883446944
1215,9.695926037988695,7,1988.8608598886651
1216,5.716990224322225,3,1201.8365901817451
1217,9.969523424739332,2,526.9506789776976
1218,9.057180231653035,2,1096.5941106531627
1219,8.543982836439964,2,1640.707419768446
1220,6.71120358217446,2,1466.4749535431567
1221,7.259754583636482,2,702.3240973013801
1222,5.181559659446281,9,989.2593261231507
1223,6.0487387465535,5,1198.5821142762989
1224,8.58319704076325,0,1728.4285591210732
1225,9.865035801436429,5,1749.3267836742173
1226,10.693522721316326,3,1458.2668437368234
1227,5.90975485575779,9,1970.2427348139558
1228,5.664138996476459,8,1442.390869385307
1229,6.794058175366322,7,953.9482328883505
1230,5.5505662706966135,4,1116.1308539044344
1231,6.9153427164613195,4,467.1380141359382
1232,10.607844229124556,1,414.58700520384326
1233,8.170946051876875,7,1454.6235502423874
1234,7.574616184262088,7,1071.8495369883842
1235,6.027743958925416,3,1328.8101295692427
1236,7.472101568662864,4,709.1113719197295
1237,8.89159625121217,5,1144.5207867272525
1238,10.884552862485997,3,737.1904778226797
1239,12.217598235682544,2,1242.742266772274
1240,5.942750942477099,2,630.5184012664467
1241,11.881448249910772,9,762.8348347235217
1242,7.178115774511051,4,975.005126132894
1243,9.551161585128865,1,446.1853624721938
1244,10.737173173594307,8,1326.131850296524
1245,8.334074037718366,7,911.3555453134135
1246,8.952296451482871,7,953.2744458530008
1247,8.046942340922442,5,560.082691760842
1248,12.53178575726844,7,802.1092229350735
1249,10.770971737193026,8,878.6016369902629
1250,9.98421976054072,7,1285.7444167003591
1251,8.848137835847442,0,408.71850859792573
1252,6.30053791430373,4,602.9331148359855
1253,9.060215424934292,3,1764.7071660828474
1254,11.293446382608437,9,905.9063982242858
1255,9.795729755946311,6,584.7762555206289
1256,10.814861134161024,0,1559.45119107504
1257,11.182610239847161,6,700.2363369559118
1258,15.421540789639053,7,1780.5560458378836
1259,11.881581438586545,5,1672.5474226861597
1260,7.9198718335384335,7,1158.649449824546
1261,10.132226187572751,3,581.8776759386257
1262,8.991267723835387,3,411.5109190958783
1263,12.118306176065028,8,730.9544843019357
1264,11.883649125325896,2,1935.5435482870073
1265,8.256831838835918,3,1189.7886281810574
1266,10.082538532324204,2,1744.207834309528
1267,10.473018060925257,3,1248.3484088982805
1268,4.74734100988076,5,851.6309726038353
1269,11.00571560164915,2,1111.2636620521882
1270,7.99246016546277,7,535.4096605150132
1271,9.663384124716154,4,807.1991642827256
1272,11.327872076922763,5,1755.602297344521
1273,11.335944040536654,9,1867.7081415854327
1274,10.206975337520555,6,463.43919561669543
1275,7.682080049507563,2,523.3177382271824
1276,12.503743622933232,5,1646.419914265134
1277,10.308451368748539,9,1282.6910574977478
1278,12.44113483519985,1,593.543041287176
1279,13.228601263669649,1,972.8198424419095
1280,12.13873762749921,2,1124.1450540750798
1281,11.601872609227442,4,1284.9892983784205
1282,6.0821035476803615,5,563.0262191789544
1283,8.571649839677914,9,917.0995055329554
1284,7.693947592435375,5,1324.7104627029225
1285,10.371332479376155,2,1521.6799329983717
1286,12.589999010529134,0,814.9857050633237
1287,11.90500248959254,4,486.7421483709762
1288,11.195194786923551,2,781.2817871667974
1289,8.32496458875294,4,1769.0201029389366
1290,11.008470625107837,4,700.6618126391106
1291,10.342324468061705,5,831.3252045627927
1292,8.723598367519788,5,1356.788604207702
1293,12.63766084932729,5,1807.8984914994364
1294,11.817863057080169,9,1686.6463008724659
1295,13.178353907266544,5,1883.8465888824192
1296,10.977626695427928,9,1683.5219411616729
1297,10.461678107190044,6,1903.2861011996938
1298,11.767454361801738,9,1913.0220547239549
1299,12.270970964182181,3,1503.9245779453597
1300,9.674488313523478,2,789.9056426759522
1301,8.057980836960068,7,1951.841182852333
1302,12.149999692372049,5,852.3979803682478
1303,9.565086450549469,0,529.9182953187066
1304,11.253371528560209,8,1131.1713250824146
1305,11.258391978884044,6,1559.8602101735078
1306,10.408592967182905,3,1553.1954809609726
1307,11.644073359302332,5,1942.9363416225922
1308,13.841366152790421,2,1887.3974271832876
1309,10.827952382436571,5,1464.3575708587134
1310,11.412685722672933,6,550.5413008820326
1311,11.250946191957743,6,863.3943762780723
1312,8.839680358477063,8,1987.068512964211
1313,12.739361731161983,5,1667.6042079676195
1314,11.297583751200598,5,461.21555580486734
1315,12.124592503478524,1,1355.1530974205023
1316,12.499916969165367,9,1483.8620897171052
1317,11.84331420722788,0,1008.108503500598
1318,13.957994349334971,5,1264.4903232550193
1319,10.982685770409415,5,1335.9695051163926
1320,10.051257269638327,5,1254.7972216370001
1321,11.940020208474335,6,1683.1343546484923
1322,12.625384446209928,9,607.3773102546161
1323,13.601194091305405,6,517.9539556741702
1324,11.854283532968006,1,1459.410712902648
1325,16.777734115974233,8,554.3171785359542
1326,15.412691570071834,1,1871.392841361753
1327,14.539913284619647,6,1021.2947051847818
1328,15.872393116280618,1,651.5586323064933
1329,12.27273590522284,9,1043.9869711361162
1330,12.56248942594214,4,1651.3945229671622
1331,11.456532698549873,9,1928.0708953393093
1332,12.044672638488429,6,1713.8070313315693
1333,13.24762329624355,0,707.1299521536148
1334,16.4977968568918,8,1683.8681985132273
1335,15.050768885614982,8,559.044632405811
1336,13.379853939852449,1,553.3568485388041
1337,11.765017698834196,5,1455.7834350672665
1338,14.622177696453281,8,1720.981966623756
1339,16.25523257150341,3,1041.5972442501425
1340,18.323524353433925,5,1585.351546640291
1341,12.736514645731798,9,1893.4154334057425
1342,13.926497051187937,8,444.19315212670955
1343,12.301316349372387,5,463.81574383482837
1344,12.476878836923628,9,1612.205279091553
1345,16.174479691441352,1,1670.6398366327612
1346,11.791045658864515,4,1831.180598139424
1347,14.517791412745076,4,928.4014557333658
1348,15.92517515922844,6,780.2100409361635
1349,14.865536163841785,8,1226.081397518281
1350,17.1624068209887,1,1212.7705349663343
1351,11.57520171396977,9,1484.0450089636302
1352,15.175848754844035,7,1906.9360191756957
1353,18.340265667640832,2,636.2792411715891
1354,18.471323111660112,3,1572.1261394319547
1355,14.630475095938145,9,1788.4888868383198
1356,14.894407071707032,3,1741.0763749362734
1357,12.920244583509287,1,1915.73293499463
1358,17.585660196959097,4,1803.3429679219655
1359,14.400498217098056,7,1552.5855536504034
1360,13.550574599789632,0,934.136576229082
1361,11.62423339479357,8,1452.083232623132
1362,18.38757376314786,4,1364.544156107216
1363,16.49882972683409,9,1048.5761975661082
1364,17.351242852735215,4,765.5590998085197
1365,17.092994147895176,3,1189.3832672931262
1366,11.401821625858593,0,982.540304751128
1367,14.818524484263502,9,1626.731358780425
1368,15.517236499335311,7,459.1667067455944
1369,13.756661213500117,4,1955.7044093307234
1370,14.558205336646484,0,1781.7014570178583
1371,17.131379474527613,4,1033.1740996690617
1372,17.730880030609825,8,855.5954883415902
1373,15.392163717947854,0,1610.5194006890802
1374,16.807802177486856,1,1421.621240809353
1375,15.94384140257148,3,1904.916198579769
1376,14.373769188727584,7,709.3416636832488
1377,15.06334314930052,4,1967.8612074896303
1378,16.023654027191228,1,1314.813554327004
1379,16.41912840300671,8,1902.5759144287995
1380,17.30947488653861,2,1882.8025094788914
1381,13.815250033514769,7,511.76734158344317
1382,14.785722481058778,1,1800.78307372303
1383,17.506666255063593,2,1730.4049359251585
1384,17.537404166952125,3,594.4406432319963
1385,19.4584197147708,8,1998.19659679835
1386,17.330871168442435,1,1319.9379111968376
1387,14.274696829988779,8,686.2488218234615
1388,14.738195852594387,0,831.830975300816
1389,17.206919201726237,1,1422.4706966721683
1390,18.396177695727598,0,1082.113925724448
1391,14.868024551524595,0,613.4580746650739
1392,16.027767610088958,2,1878.8433918742535
1393,17.488571638810118,3,1850.1243075841126
1394,17.010936285705114,7,681.1523829782772
1395,16.523754811319478,4,1788.3047529025894
1396,15.942858246229711,4,1932.8968509967701
1397,15.347456257516145,0,409.3717453154792
1398,19.320112608711472,4,1141.7122820487853
1399,20.415456408671552,5,866.7125801907573
1400,20.630604083750193,2,1603.3489572489786
1401,18.874046758097098,5,691.0332852485321
1402,16.2559436147988,7,1843.3192296228242
1403,17.639811764057338,1,1219.0570279167935
1404,19.444916408037283,7,1548.6778280005854
1405,20.06653022984061,3,1167.5177234985492
1406,16.100932609864195,7,1348.700657778282
1407,17.753881571378702,5,636.1794856175675
1408,16.574667520643974,0,482.18159345525766
1409,18.569037386711827,9,1830.9671785500595
1410,17.29511154971572,9,1309.0836106870324
1411,20.04586592008644,2,1280.109077751284
1412,20.4656551771968,0,1883.251724244346
1413,17.526401828709336,3,1018.0973163704595
1414,18.206579809132833,4,1180.6953626205411
1415,17.796803301767977,8,1346.3648090212685
1416,17.123993123123665,4,662.4229614508815
1417,21.409875424020598,9,1545.2596957873145
1418,19.408462509339387,2,1528.7976309450398
1419,19.019358655819065,7,940.0362284402087
1420,21.356979913443073,3,1428.3182881052232
1421,21.79139985634415,8,1192.3235062641966
1422,15.945693209606812,1,1119.3017543181513
1423,19.666984965945787,4,802.0493537930669
1424,16.308875222524545,3,1698.9410150663289
1425,18.111478229364767,3,1973.6244108001567
1426,21.739490593229633,2,1487.5730516179722
1427,20.32846759349952,2,899.3176751572722
1428,19.875594140194817,0,1180.1792445081614
1429,20.61907701035256,4,923.9436547370369
1430,20.329482120747542,1,1599.6088647508607
1431,19.26149255328465,9,1828.2456940125749
1432,18.27210888731765,4,1517.0486831077983
1433,20.715838625690687,7,1091.0612395449689
1434,19.87606927336931,7,648.1488175027837
1435,20.40655849338922,4,615.3988664891824
1436,18.85815546935467,3,1330.4060563041608
1437,17.872619045037787,0,1223.5284083832419
1438,19.63447208964758,8,532.4642808730202
1439,16.776300951141177,7,839.1144699346153
