Time (min),Original Temp (°C),Adjusted Temp (°C),Setting,Energy Usage
0,18.06413416441694,17.96413416441694,Low,1.0199911029295232
1,21.022965279805906,20.922965279805904,Low,0.9992360631258008
2,20.678410468997367,20.578410468997365,Low,1.0075881593522618
3,17.12344874838667,17.02344874838667,Low,1.0068452425266992
4,21.624673690538344,21.524673690538343,Low,0.9738003340024128
5,17.93841067281377,17.83841067281377,Low,0.9390010083269377
6,19.18070798158349,19.08070798158349,Low,0.9325475433189656
7,19.88346988232481,19.78346988232481,Low,0.9698038081605111
8,18.67692835170481,18.576928351704808,Low,0.9569242397618708
9,16.748315891541388,16.648315891541387,Low,0.936783723467153
10,19.194305560690868,19.094305560690866,Low,1.0759751720356108
11,17.776348812289402,17.6763488122894,Low,0.9134461583140011
12,20.954764970021397,20.854764970021396,Low,0.9854947014857112
13,22.052849058211574,21.952849058211573,Low,1.0621207131331074
14,23.84236027535602,23.74236027535602,Low,1.0795080715977925
15,22.591539736974983,22.491539736974982,Low,0.9504775624163083
16,20.042873218549115,19.942873218549114,Low,1.0166902036292171
17,18.94599709726887,18.845997097268867,Low,0.9190412285134183
18,19.7699827829434,19.6699827829434,Low,1.0611727874961527
19,24.64044612114681,24.340446121146808,Medium,2.0082777021345826
20,20.10226101494848,20.002261014948477,Low,1.0159254224879501
21,24.231150349341195,23.931150349341195,Medium,2.088180144046822
22,21.338061284320148,21.238061284320146,Low,0.9087737852684848
23,20.901599299675212,20.80159929967521,Low,0.9086293087211287
24,21.149254530719976,21.049254530719974,Low,0.948172326577033
25,26.02546615600871,25.72546615600871,Medium,1.8065854633768341
26,24.31577048180062,24.01577048180062,Medium,2.1729158112832434
27,20.151828993066264,20.051828993066263,Low,1.0468558543722661
28,20.217296642525557,20.117296642525556,Low,0.9608234589777652
29,22.6017146315248,22.5017146315248,Low,0.9482406486404499
30,25.171553228101036,24.871553228101035,Medium,2.1834984904471453
31,21.54107289490634,21.441072894906338,Low,0.9505578520623863
32,22.99839976583669,22.89839976583669,Low,1.0832241409976566
33,21.52868915303668,21.42868915303668,Low,0.9979358294307332
34,26.42067849535216,26.12067849535216,Medium,1.9881679087859383
35,22.873104332740244,22.773104332740242,Low,1.0155219433926264
36,18.827932746474342,18.72793274647434,Low,0.9004333241277742
37,22.91888799303853,22.81888799303853,Low,0.9203091355037155
38,19.71757703921806,19.61757703921806,Low,0.9666445758127257
39,24.00020190429245,23.70020190429245,Medium,2.09084835026583
40,26.143318455774505,25.843318455774504,Medium,2.1086999955412598
41,25.21630152149765,24.916301521497648,Medium,1.9922008719496702
42,25.976742886904773,25.676742886904773,Medium,1.80353185670154
43,22.51804922961672,22.41804922961672,Low,1.0827166491230238
44,23.43454315940746,23.33454315940746,Low,0.9118276562337143
45,25.71912628829911,25.419126288299108,Medium,1.9142292091867537
46,21.44464720225304,21.34464720225304,Low,0.93355062040343
47,20.66242045735536,20.56242045735536,Low,0.9002435486676322
48,24.04389019188905,23.74389019188905,Medium,1.9698077346216343
49,23.87154985946133,23.771549859461327,Low,1.0216108318570873
50,21.660918835856997,21.560918835856995,Low,1.0138855044214234
51,23.05174204491005,22.95174204491005,Low,0.9105027048395775
52,25.363457973778637,25.063457973778636,Medium,1.980488214200288
53,23.22627689237604,23.126276892376037,Low,1.0159357388016919
54,23.977635833797876,23.877635833797875,Low,0.9687593536800151
55,24.292732815874263,23.992732815874263,Medium,2.0990647137073757
56,25.31979591613789,25.019795916137888,Medium,1.8239713385080616
57,26.73093271729328,26.430932717293278,Medium,2.044350755122336
58,22.68351903506416,22.583519035064157,Low,1.072353030790801
59,26.834359672666626,26.534359672666625,Medium,1.9399557967616723
60,19.15430023953372,19.054300239533717,Low,1.0246754510080072
61,26.839587292787144,26.539587292787143,Medium,2.02463573594704
62,23.69794796901289,23.59794796901289,Low,0.955706609744227
63,24.785517760835315,24.485517760835315,Medium,2.114128413041554
64,25.634759588325117,25.334759588325117,Medium,2.072701743807295
65,24.57325671036039,24.27325671036039,Medium,1.80130717966563
66,24.328553510609492,24.02855351060949,Medium,1.8791881849988687
67,24.502610905276946,24.202610905276945,Medium,1.8625566838161924
68,26.669809389776013,26.369809389776012,Medium,1.8018163851897364
69,25.366779194700197,25.066779194700196,Medium,2.0049127568659246
70,25.34624667557664,25.04624667557664,Medium,2.155779311288314
71,26.5367872781491,26.236787278149098,Medium,2.054999817123603
72,26.76405326085487,26.464053260854868,Medium,1.840058817108325
73,22.139749983050024,22.039749983050022,Low,0.9804650532389917
74,30.17481857426118,29.67481857426118,High,3.034546603582811
75,23.931477948661552,23.83147794866155,Low,0.9347515321109778
76,23.05084023281196,22.95084023281196,Low,0.9062191843837233
77,25.38494097009613,25.08494097009613,Medium,2.0135971602512095
78,24.9839244784963,24.683924478496298,Medium,1.8486061902517195
79,24.752144293601056,24.452144293601055,Medium,1.8248541220073267
80,23.962784258158376,23.862784258158374,Low,0.9207397040858063
81,27.6864930645104,27.3864930645104,Medium,2.112966412618067
82,25.36236887162388,25.062368871623878,Medium,1.8544605862973504
83,26.161860877584267,25.861860877584267,Medium,2.1619589721051202
84,21.82034318589383,21.720343185893828,Low,0.973657277587226
85,29.235526475034035,28.935526475034035,Medium,1.9478648384090038
86,24.212773253753568,23.912773253753567,Medium,1.827096300820006
87,24.41587153974812,24.11587153974812,Medium,2.141838121106057
88,23.42678771555992,23.32678771555992,Low,0.974997101708396
89,24.5778011761266,24.277801176126598,Medium,1.8318724206240904
90,22.496560830846253,22.39656083084625,Low,0.968390779022559
91,27.59227652309322,27.292276523093218,Medium,2.024065088387297
92,27.363627622533077,27.063627622533076,Medium,2.1481869982618385
93,24.021016587210354,23.721016587210354,Medium,2.098005336541391
94,24.12499681033104,23.82499681033104,Medium,1.930461978578813
95,25.71846728537172,25.41846728537172,Medium,2.015357756564158
96,27.122569508526503,26.822569508526502,Medium,2.193923235988278
97,23.48492780824448,23.384927808244477,Low,1.0638955138118162
98,27.095306393448755,26.795306393448755,Medium,1.824053272692369
99,24.624657410422955,24.324657410422954,Medium,2.1610668790079726
100,23.42928008885628,23.32928008885628,Low,1.0878366286536878
101,27.84583391382197,27.54583391382197,Medium,1.9199997027399056
102,27.681009671977453,27.381009671977452,Medium,1.8018831530270278
103,28.63370777341091,28.33370777341091,Medium,2.039208879415667
104,27.778999395775685,27.478999395775684,Medium,2.1801392303627964
105,25.70502776687648,25.40502776687648,Medium,2.038386083266126
106,26.83997157176273,26.53997157176273,Medium,1.9384546425300766
107,27.594018755673986,27.294018755673985,Medium,2.113583470973106
108,26.617936592355136,26.317936592355135,Medium,2.0944076351018035
109,26.24020533158253,25.94020533158253,Medium,1.9774607140119052
110,24.71153434259904,24.41153434259904,Medium,2.0769443352153165
111,25.413879559134,25.113879559134,Medium,2.0043125990940913
112,25.754313406287388,25.454313406287387,Medium,1.9151197166745997
113,27.910264697186573,27.610264697186572,Medium,1.9274953801980599
114,30.849310803334102,30.349310803334102,High,3.029828977472224
115,24.70484750339052,24.40484750339052,Medium,2.0801510789559763
116,24.919583765368863,24.619583765368862,Medium,2.0619810037534316
117,27.491246710971883,27.191246710971882,Medium,2.054163233522155
118,28.100077162742085,27.800077162742085,Medium,1.8696455010110906
119,27.488148124202368,27.188148124202367,Medium,2.0140332646420864
120,29.929008782105345,29.629008782105345,Medium,2.0302284417569276
121,24.848346167858487,24.548346167858487,Medium,1.8952947649664469
122,30.093050062849183,29.593050062849183,High,3.225540661191662
123,27.211954396423064,26.911954396423063,Medium,2.132215870410421
124,25.70994539950335,25.40994539950335,Medium,1.8418617052992992
125,28.855467059869653,28.555467059869653,Medium,1.986638715940131
126,24.798466121681276,24.498466121681275,Medium,1.8226777623846333
127,27.28099118964926,26.98099118964926,Medium,1.8049454219717453
128,24.95398144794809,24.65398144794809,Medium,2.1461077230162324
129,32.31741270770249,31.817412707702488,High,3.2292765794997256
130,29.39584479072141,29.095844790721408,Medium,2.095106393377562
131,29.571809813685768,29.271809813685767,Medium,2.1565133769558322
132,26.30356535461937,26.00356535461937,Medium,2.1033636771104915
133,24.72893583109531,24.42893583109531,Medium,1.937586560975143
134,30.330571032631745,29.830571032631745,High,3.0037893823314827
135,29.481304957636254,29.181304957636254,Medium,1.9545058612361756
136,29.490257384615877,29.190257384615876,Medium,2.190139383268235
137,28.381154318098524,28.081154318098523,Medium,1.8895204342873217
138,29.370303248487357,29.070303248487356,Medium,1.91999205004217
139,28.590170732097555,28.290170732097554,Medium,2.039627476615604
140,28.54454482653355,28.24454482653355,Medium,2.024749681659914
141,30.28804193673608,29.78804193673608,High,2.7049518019596546
142,27.33618313949323,27.03618313949323,Medium,2.053805983228429
143,31.69602923994408,31.19602923994408,High,3.0531427395189423
144,29.799502158104666,29.499502158104665,Medium,2.0200774392741216
145,30.19506508335798,29.69506508335798,High,3.2224648450485316
146,33.4761882630668,32.9761882630668,High,3.0703014273714677
147,27.932219659939346,27.632219659939345,Medium,2.013925242417865
148,33.935645717840735,33.435645717840735,High,2.8140510473357376
149,32.030021891437386,31.530021891437386,High,3.143740513316086
150,30.135873343836867,29.635873343836867,High,2.892112382658176
151,32.797118911887644,32.297118911887644,High,3.276238695883035
152,29.52950366307867,29.22950366307867,Medium,2.0668029673791293
153,31.08044696416552,30.58044696416552,High,2.90033120771157
154,25.2793496240436,24.9793496240436,Medium,2.1456516246020754
155,30.04764150088942,29.54764150088942,High,2.7021086580179645
156,28.00177514281504,27.701775142815038,Medium,2.1178440327733123
157,32.43351781507916,31.933517815079163,High,3.0221630287539116
158,28.17251519934768,27.872515199347678,Medium,1.8212924539429267
159,28.666068602737678,28.366068602737677,Medium,2.175167389048169
160,29.61657655736369,29.31657655736369,Medium,2.0291024803983904
161,32.03197074614554,31.53197074614554,High,2.7664586365292436
162,31.54064188296284,31.04064188296284,High,3.183684252365014
163,31.88624391317897,31.38624391317897,High,3.058140615274973
164,32.0265194599746,31.5265194599746,High,3.0584854610766774
165,27.68921911780084,27.389219117800838,Medium,2.009091264030029
166,29.87886026301407,29.578860263014068,Medium,1.8320211873278254
167,33.619326280072514,33.119326280072514,High,2.8643258646876717
168,28.464670887144717,28.164670887144716,Medium,1.9343845167660878
169,31.156762653778216,30.656762653778216,High,3.0825248930088796
170,31.38945807377476,30.88945807377476,High,3.275474050962538
171,31.13980789777343,30.63980789777343,High,2.8846702559947266
172,32.66487329740986,32.16487329740986,High,2.927287618369872
173,30.275793326647246,29.775793326647246,High,2.8745090375308213
174,31.13538417409752,30.63538417409752,High,2.9123264397446436
175,29.5443055440504,29.2443055440504,Medium,1.9604658024809027
176,32.826730188986254,32.326730188986254,High,2.8669328105416634
177,30.31066467420412,29.81066467420412,High,2.948102456153429
178,27.605149326501568,27.305149326501567,Medium,1.8417736986224558
179,32.386758082299096,31.886758082299096,High,3.1940883072054294
180,28.237229258007968,27.937229258007967,Medium,1.9452016853974707
181,29.700157859143737,29.400157859143736,Medium,1.8641655340422771
182,31.417624651047404,30.917624651047404,High,3.2014296292393487
183,31.8045042334545,31.3045042334545,High,2.9316941825299105
184,32.23565640589749,31.735656405897487,High,3.1547210178151723
185,34.18263687358968,33.68263687358968,High,2.827919567997152
186,32.324548903780844,31.824548903780844,High,2.7619274876448974
187,26.82862237420848,26.528622374208478,Medium,1.9139492246654055
188,32.197139718881,31.697139718880997,High,3.232349569199791
189,30.7554597613873,30.2554597613873,High,3.218557172698849
190,30.67136555123895,30.17136555123895,High,3.232839889927621
191,30.67193117207011,30.17193117207011,High,2.988366851107784
192,34.416251864145615,33.916251864145615,High,2.7995470585708904
193,30.394621442942476,29.894621442942476,High,2.7151392533955505
194,30.013554314417465,29.513554314417465,High,2.914481714568309
195,32.58529991678227,32.08529991678227,High,2.7297322738668135
196,29.71692467966128,29.416924679661278,Medium,1.8160130979065263
197,29.58833842480461,29.28833842480461,Medium,1.9884208908252772
198,32.43918550335236,31.939185503352363,High,3.2555571126651013
199,30.451813788077224,29.951813788077224,High,2.968899257887897
200,34.235723042438124,33.735723042438124,High,2.85156660771038
201,35.08999119626963,34.58999119626963,High,2.7848538118621153
202,32.56258256531981,32.06258256531981,High,2.8057595034622085
203,28.72404272838708,28.42404272838708,Medium,2.146333069684933
204,33.67302125161876,33.17302125161876,High,2.951210448471215
205,29.660594288266388,29.360594288266388,Medium,1.8008351928531403
206,32.314580607067235,31.814580607067235,High,2.7971695849436067
207,31.415523348089994,30.915523348089994,High,2.7426863059260573
208,33.06664566298538,32.56664566298538,High,2.812046460745427
209,35.62358543959797,35.12358543959797,High,2.9977915822304944
210,30.95776063903382,30.45776063903382,High,2.997214090168614
211,30.934534694175248,30.434534694175248,High,3.09692775526129
212,35.595847746019686,35.095847746019686,High,2.896872179845378
213,34.02339360359141,33.52339360359141,High,2.746064089240143
214,30.464285146559444,29.964285146559444,High,2.8652919154434326
215,31.934563932328555,31.434563932328555,High,3.226732286953219
216,27.913249935581163,27.613249935581162,Medium,2.099912449236555
217,34.11243145277353,33.61243145277353,High,2.961698052801558
218,32.21701329348671,31.71701329348671,High,3.149393484781091
219,31.604393422210965,31.104393422210965,High,2.8614071907965393
220,36.341401973340325,35.841401973340325,High,3.0849152445509733
221,36.176426764758304,35.676426764758304,High,2.9660974239237174
222,35.75912795349318,35.25912795349318,High,3.2175979595987325
223,32.1393781933901,31.6393781933901,High,3.033061413090619
224,32.73279888176145,32.23279888176145,High,2.9320573851019076
225,33.65028086598332,33.15028086598332,High,3.0117055834207296
226,29.51625529304323,29.21625529304323,Medium,1.8048146236384865
227,28.3060671498576,28.0060671498576,Medium,2.120075606982166
228,35.7999332372526,35.2999332372526,High,2.7608107291538735
229,36.28543870415498,35.78543870415498,High,3.019349383499304
230,34.019599535027744,33.519599535027744,High,2.793365538948165
231,29.763554339373453,29.463554339373452,Medium,2.1239933202791215
232,32.76457010256828,32.26457010256828,High,3.244624091586838
233,32.14643887676711,31.646438876767107,High,2.96759049911414
234,30.938821824087945,30.438821824087945,High,2.704850734372454
235,31.4140355891981,30.9140355891981,High,2.774634261591803
236,35.14650497152929,34.64650497152929,High,2.7797206813523325
237,31.36281714379907,30.86281714379907,High,2.8007897482153608
238,35.455609629178745,34.955609629178745,High,2.7527093874246993
239,34.174141363077005,33.674141363077005,High,3.0786820653277496
240,33.29392175278457,32.79392175278457,High,2.9933666599593742
241,32.73505508269135,32.23505508269135,High,3.0877956371464768
242,37.7627400495333,37.2627400495333,High,2.9846517420944516
243,31.738587895156577,31.238587895156577,High,2.710036164175708
244,33.0598975262526,32.5598975262526,High,2.9303591900112345
245,34.76929270596663,34.26929270596663,High,2.952253389701073
246,32.869063229368685,32.369063229368685,High,3.0884598732838233
247,34.26182194787787,33.76182194787787,High,3.076611734397512
248,34.05375772447629,33.55375772447629,High,2.877327636222259
249,34.050648017192835,33.550648017192835,High,2.8549860255580963
250,35.83152158579088,35.33152158579088,High,2.797476088001659
251,32.25439532319161,31.75439532319161,High,3.017333016171444
252,35.57074808773339,35.07074808773339,High,3.2935602047111066
253,35.15576035317845,34.65576035317845,High,3.1530453653634445
254,35.51224060406424,35.01224060406424,High,2.9366317441803074
255,38.475236541984685,37.975236541984685,High,2.8803968130737214
256,35.16929724973928,34.66929724973928,High,2.957828326880709
257,34.27678282744804,33.77678282744804,High,3.058467111188519
258,28.48661841467122,28.18661841467122,Medium,1.907437056945707
259,33.20974474844117,32.70974474844117,High,2.9423513520296054
260,30.31994317066726,29.81994317066726,High,2.7414000103481904
261,36.32641396359644,35.82641396359644,High,2.792131589092607
262,35.770004742486364,35.270004742486364,High,3.0254314258474904
263,31.03243500970304,30.53243500970304,High,3.01269725614907
264,35.77569175954749,35.27569175954749,High,3.0247867570207907
265,35.54115475603763,35.04115475603763,High,3.294571002987313
266,35.852722378705145,35.352722378705145,High,3.291109623061043
267,36.16737793014935,35.66737793014935,High,2.881934455133477
268,33.48048863554422,32.98048863554422,High,3.0690569510569823
269,32.9030509720198,32.4030509720198,High,2.7459779672224833
270,32.25401723273136,31.754017232731357,High,3.0153556948065363
271,35.05166419358594,34.55166419358594,High,3.1343370757957616
272,34.13989156679613,33.63989156679613,High,2.781981101923355
273,32.63482724994115,32.13482724994115,High,3.1000392430821626
274,35.41430250309889,34.91430250309889,High,3.1017736728965133
275,31.844433928420088,31.344433928420088,High,3.1802596208573592
276,35.6462303525444,35.1462303525444,High,2.9063962799352256
277,35.72480587578951,35.22480587578951,High,3.1469401530334253
278,32.682065007847754,32.182065007847754,High,3.0894097725242267
279,35.25899269806765,34.75899269806765,High,3.1785033853758375
280,36.81251664816224,36.31251664816224,High,2.8779766453968603
281,35.358931356563886,34.858931356563886,High,3.2775870448080315
282,34.77760291218265,34.27760291218265,High,3.218145610434576
283,34.31285480352798,33.81285480352798,High,3.2517543861522196
284,34.50872485258445,34.00872485258445,High,2.9701789722476715
285,33.72667276450582,33.22667276450582,High,3.2216609965532346
286,32.78482073717754,32.28482073717754,High,3.192412947484857
287,34.726209536871934,34.226209536871934,High,2.8373733778678707
288,31.52782942812459,31.02782942812459,High,2.980417475389947
289,34.96728727906208,34.46728727906208,High,2.89499314030033
290,36.50441757789173,36.00441757789173,High,3.102460369041112
291,35.22927209610678,34.72927209610678,High,2.857527224351415
292,31.96285250285353,31.46285250285353,High,2.7022451290848526
293,31.25759289071631,30.75759289071631,High,3.015928588601847
294,33.412627165417284,32.912627165417284,High,2.7938587501763466
295,34.17404508393316,33.67404508393316,High,2.957331312607351
296,33.27011346658643,32.77011346658643,High,3.1620019145916576
297,35.127984039450084,34.627984039450084,High,2.9140790657040605
298,35.60550756985148,35.10550756985148,High,3.0930411489337652
299,34.157996434280555,33.657996434280555,High,2.9354578758267547
300,34.62996553506865,34.12996553506865,High,3.243514677902827
301,35.609491441268865,35.109491441268865,High,2.706701001597155
302,33.69520142271211,33.19520142271211,High,2.9093172878031566
303,33.60885376786003,33.10885376786003,High,2.7444934583505445
304,33.746266631316225,33.246266631316225,High,3.204598598515446
305,37.53450542590305,37.03450542590305,High,3.2534323020409746
306,34.30727444256103,33.80727444256103,High,2.9861395787350826
307,32.823834732740295,32.323834732740295,High,3.0929746633118107
308,34.2615188435084,33.7615188435084,High,2.750853798722823
309,34.13049886840159,33.63049886840159,High,3.1828266249453336
310,35.527872685578046,35.027872685578046,High,3.1455958295319464
311,32.53765018924107,32.03765018924107,High,3.2353324334014104
312,32.24610038504647,31.746100385046468,High,2.8626847802440096
313,34.01813604341991,33.51813604341991,High,3.155912036809854
314,36.242145624494384,35.742145624494384,High,3.143909721152086
315,33.1640932688973,32.6640932688973,High,2.9862935054693143
316,33.125071463375384,32.625071463375384,High,2.9305233812706
317,35.488819630245175,34.988819630245175,High,2.7481148834978195
318,37.02015400727057,36.52015400727057,High,3.258148658397898
319,37.78359747290719,37.28359747290719,High,3.270016433272042
320,36.1352415144144,35.6352415144144,High,3.005107817192548
321,34.09530165381266,33.59530165381266,High,2.907535936173422
322,35.274456004354576,34.774456004354576,High,3.109468862238128
323,31.48414728043647,30.98414728043647,High,3.134769619221623
324,33.79178847033419,33.29178847033419,High,2.981959825715533
325,33.402175524412755,32.902175524412755,High,2.9191772878473636
326,36.24985341293485,35.74985341293485,High,2.899288222404945
327,34.067024286433586,33.567024286433586,High,2.937206675104062
328,37.44024821263023,36.94024821263023,High,2.8462650669742464
329,30.563183340003995,30.063183340003995,High,2.8467706288413934
330,36.54059902986244,36.04059902986244,High,2.8375763312271647
331,32.66330828492099,32.16330828492099,High,2.9313614522181197
332,33.64638682624009,33.14638682624009,High,2.8086299234691707
333,37.91647544387895,37.41647544387895,High,3.0053995764931463
334,35.66561459870049,35.16561459870049,High,3.229702265449652
335,31.79606656763034,31.29606656763034,High,2.914314242996644
336,35.56005836315117,35.06005836315117,High,3.0941500101014814
337,33.75242079161853,33.25242079161853,High,2.820298386184071
338,33.70301834188884,33.20301834188884,High,2.8600658249205186
339,32.72164900916445,32.22164900916445,High,2.7046128267969065
340,37.68785692780868,37.18785692780868,High,3.168062639231529
341,33.675903107169624,33.175903107169624,High,2.730777002451912
342,34.68561659653353,34.18561659653353,High,3.225499368011439
343,36.03751312130612,35.53751312130612,High,2.761221336805216
344,33.431499153546206,32.931499153546206,High,2.759121797998063
345,33.5864286697307,33.0864286697307,High,3.1527173877826122
346,34.03818113709092,33.53818113709092,High,3.022241036159888
347,33.43289445729555,32.93289445729555,High,2.7920931318964053
348,32.34137527160656,31.84137527160656,High,3.1176719284996928
349,36.48474712357604,35.98474712357604,High,2.907836495512599
350,31.500569833839094,31.000569833839094,High,2.924393796566499
351,33.903265659847875,33.403265659847875,High,2.718896865594131
352,32.62348828285289,32.12348828285289,High,2.734076978607108
353,35.3077533927457,34.8077533927457,High,2.7061498529828842
354,35.99227577241844,35.49227577241844,High,3.13368688222335
355,35.69168969667671,35.19168969667671,High,3.0117110655911943
356,35.99967351474285,35.49967351474285,High,3.2660546844783696
357,35.77687058186533,35.27687058186533,High,2.742019062416072
358,37.374934521550095,36.874934521550095,High,2.772577595874356
359,33.22270815188251,32.72270815188251,High,2.95345694362808
360,30.856556228582612,30.356556228582612,High,2.9685236117155074
361,34.411158216261974,33.911158216261974,High,3.063928212360213
362,33.91075391615413,33.41075391615413,High,3.075145175375012
363,35.75787714417987,35.25787714417987,High,3.1882528466417774
364,32.94295434112975,32.44295434112975,High,3.07461756823456
365,36.692373635700825,36.192373635700825,High,2.755807547186387
366,34.15589189383049,33.65589189383049,High,2.852918188810473
367,36.88004722498509,36.38004722498509,High,3.1359210757886644
368,34.74279764349312,34.24279764349312,High,2.9022904529082174
369,34.36582162145901,33.86582162145901,High,3.14616589328901
370,36.97344514767923,36.47344514767923,High,3.122141358536379
371,36.77719106911407,36.27719106911407,High,3.2109240952480373
372,38.36970763745886,37.86970763745886,High,2.711387004802777
373,33.560363034499424,33.060363034499424,High,3.1310298928948654
374,38.51380219031787,38.01380219031787,High,2.7036224642178266
375,33.23640389482932,32.73640389482932,High,3.2561224480573334
376,33.141436496762935,32.641436496762935,High,2.736866615262323
377,33.42978375698907,32.92978375698907,High,2.987090196877255
378,37.90176928666793,37.40176928666793,High,2.9208360019818556
379,35.40754122201414,34.90754122201414,High,3.289113269589918
380,33.19658449951184,32.69658449951184,High,3.0180866785662572
381,34.78684974040103,34.28684974040103,High,2.769987865109996
382,32.05546117075042,31.55546117075042,High,3.198233997374155
383,36.49107968549061,35.99107968549061,High,3.034320116696305
384,35.947943159759134,35.447943159759134,High,3.2822857639462435
385,35.36953950680173,34.86953950680173,High,2.777768305112969
386,36.4537548137497,35.9537548137497,High,2.754981544658467
387,34.22482740725434,33.72482740725434,High,2.844611040910227
388,33.15458506103705,32.65458506103705,High,3.168939107244145
389,35.567684831643135,35.067684831643135,High,2.8562576944591966
390,32.95778323958483,32.45778323958483,High,2.861231184801562
391,34.11593750785096,33.61593750785096,High,2.704409012178297
392,34.296794175166795,33.796794175166795,High,2.9124320903986014
393,35.39701346159094,34.89701346159094,High,2.749735360643095
394,36.03314760716547,35.53314760716547,High,2.743023466635918
395,36.32642271255413,35.82642271255413,High,2.8809080694908813
396,36.90374339688309,36.40374339688309,High,2.88260043717166
397,33.158011379106334,32.658011379106334,High,2.785595039155756
398,38.929488052986905,38.429488052986905,High,3.212289683909416
399,36.725888381863,36.225888381863,High,3.2265827087223196
400,34.698618022178984,34.198618022178984,High,2.923705216645545
401,34.93937613804901,34.43937613804901,High,2.821788685436186
402,31.604453068297573,31.104453068297573,High,3.1222038120846847
403,33.23909409331976,32.73909409331976,High,3.0117795515810735
404,31.39841262373177,30.89841262373177,High,3.0692269422482523
405,33.0173568998227,32.5173568998227,High,2.9901206518473717
406,36.93195019294816,36.43195019294816,High,3.272814501823212
407,34.95265860876992,34.45265860876992,High,2.7612601055235846
408,34.895471182634864,34.395471182634864,High,3.027972855024231
409,34.26435451582282,33.76435451582282,High,2.7570969370021183
410,34.407460908753734,33.907460908753734,High,2.8437930531327877
411,34.01582699476755,33.51582699476755,High,2.738431212251435
412,36.63618486970225,36.13618486970225,High,2.9897792242951438
413,35.39148477082573,34.89148477082573,High,2.8674057877318644
414,34.87160691391433,34.37160691391433,High,3.0655782318200067
415,32.391622732359856,31.891622732359856,High,2.8858558137258177
416,34.34448716485571,33.84448716485571,High,3.123713801689885
417,34.270499584633065,33.770499584633065,High,3.273643618299755
418,35.879926297448634,35.379926297448634,High,2.861503347375368
419,32.77562243851394,32.27562243851394,High,2.7550614866133483
420,36.652573383260346,36.152573383260346,High,2.7491752182061666
421,35.181161963133704,34.681161963133704,High,3.252284274463392
422,34.88319408889859,34.38319408889859,High,2.8387652660563405
423,34.13889904240242,33.63889904240242,High,3.025966962680106
424,34.03830680802289,33.53830680802289,High,3.020060434197254
425,35.91078306711842,35.41078306711842,High,3.182862311996076
426,32.11482880359249,31.614828803592488,High,2.8647105339534944
427,33.96803950407088,33.46803950407088,High,2.8520609705640254
428,31.793138161520616,31.293138161520616,High,3.2310683698354077
429,35.004524203037285,34.504524203037285,High,2.9709470759169934
430,35.921821467101424,35.421821467101424,High,2.9951754826929373
431,32.45778335201329,31.957783352013287,High,2.7659946878293935
432,33.81775043056241,33.31775043056241,High,3.054154643148766
433,33.47868505421173,32.97868505421173,High,3.2463399031422466
434,33.01918107566911,32.51918107566911,High,3.1129879793539845
435,33.122701520768075,32.622701520768075,High,3.1010766729462156
436,32.156148486146414,31.656148486146414,High,3.2070400696128236
437,34.666159377279946,34.166159377279946,High,2.927528410133089
438,31.08612254317051,30.58612254317051,High,3.1911611933359256
439,32.21902017164436,31.71902017164436,High,3.1886888688329806
440,31.90396810909906,31.40396810909906,High,2.9589003033483574
441,35.27437902630748,34.77437902630748,High,2.9757680195375156
442,32.922049337232686,32.422049337232686,High,2.7556846683869023
443,34.516629193739,34.016629193739,High,3.1576070918597994
444,37.00082483435689,36.50082483435689,High,2.759483183514466
445,34.51013816058502,34.01013816058502,High,3.297537449776798
446,34.42506561978201,33.92506561978201,High,2.734370026538296
447,33.65961446950843,33.15961446950843,High,3.1004923413506367
448,35.27712548909162,34.77712548909162,High,2.8786977375930793
449,31.12451560454392,30.62451560454392,High,3.0096754272662016
450,35.75933720989839,35.25933720989839,High,3.263128666030437
451,35.79955817525625,35.29955817525625,High,3.1843398610317157
452,37.164224394629294,36.664224394629294,High,2.8449828138075706
453,33.9123767316752,33.4123767316752,High,2.75453840627259
454,36.23078559596723,35.73078559596723,High,3.2123060595100204
455,35.34825366599584,34.84825366599584,High,2.861717730269961
456,36.40206076857713,35.90206076857713,High,3.075856915915942
457,34.879623645868364,34.379623645868364,High,3.263055875423419
458,31.482210203646865,30.982210203646865,High,2.7367459070811293
459,31.92465312478214,31.42465312478214,High,2.825534348934019
460,35.344165371277654,34.844165371277654,High,3.2664239684143372
461,31.52117947098376,31.02117947098376,High,3.031853691408956
462,33.00479085977722,32.50479085977722,High,3.1739791224830567
463,31.91627918106408,31.41627918106408,High,2.8832595959531067
464,32.09858720402713,31.598587204027133,High,2.9037550854315004
465,31.58480688899036,31.08480688899036,High,2.7414945892077602
466,34.847048522878026,34.347048522878026,High,3.237143065549795
467,34.76455877638447,34.26455877638447,High,3.1601034845420144
468,33.77764751625413,33.27764751625413,High,3.141516453966899
469,34.83048966134717,34.33048966134717,High,3.02523806982228
470,35.839603939558046,35.339603939558046,High,3.2421303811090114
471,33.30048099132762,32.80048099132762,High,2.7441702569028514
472,32.435637244591724,31.935637244591724,High,2.806011632043552
473,32.04179698854664,31.541796988546643,High,2.7986726214675213
474,31.193236614412072,30.693236614412072,High,2.844909441606225
475,34.42931098724426,33.92931098724426,High,2.9626461635616774
476,30.403410735630327,29.903410735630327,High,3.282083438543119
477,34.65308628676189,34.15308628676189,High,2.9398708091438004
478,29.197170930313824,28.897170930313823,Medium,1.9799437111048719
479,35.27381922394153,34.77381922394153,High,3.0100960593962336
480,32.96572485354853,32.46572485354853,High,3.108667177197416
481,31.05059568953592,30.55059568953592,High,3.1501284726065806
482,37.394785282288034,36.894785282288034,High,3.2184109469978197
483,27.724024325756123,27.424024325756122,Medium,1.9225056709056807
484,31.579080168293927,31.079080168293927,High,2.963735378715178
485,32.74745118024181,32.24745118024181,High,3.1566941241788284
486,35.41839233799964,34.91839233799964,High,3.1257227340996114
487,33.79491797458108,33.29491797458108,High,2.952502759163091
488,33.08667677165113,32.58667677165113,High,3.2913589743603042
489,32.798625124075826,32.298625124075826,High,3.118604452317552
490,35.167079294161105,34.667079294161105,High,2.795965276982968
491,32.64665946112261,32.14665946112261,High,3.287470093725903
492,29.44057435925581,29.140574359255808,Medium,2.131453497572111
493,31.386827991634316,30.886827991634316,High,3.0591088763518264
494,28.5755075101717,28.2755075101717,Medium,2.1323363550348753
495,32.51978588781594,32.01978588781594,High,2.903776664734615
496,32.46344032163929,31.96344032163929,High,3.1070110073580355
497,28.21591994840795,27.91591994840795,Medium,1.9376742846941006
498,31.548162963599147,31.048162963599147,High,3.1444934598558953
499,33.69791786029149,33.19791786029149,High,2.944448052733213
500,32.27058690691524,31.77058690691524,High,3.2928281121957945
501,31.41808720393294,30.91808720393294,High,2.897520660476843
502,29.641754650754624,29.341754650754623,Medium,2.171735788945728
503,31.46558695894366,30.96558695894366,High,3.2033084127505056
504,30.78532907864782,30.28532907864782,High,2.9582758286113062
505,30.840069847477352,30.340069847477352,High,3.2688644930827278
506,27.08353160801897,26.78353160801897,Medium,1.9382336985522595
507,30.931942924537783,30.431942924537783,High,3.0579349749279094
508,30.71903119187957,30.21903119187957,High,2.8899127120939814
509,34.5012311012534,34.0012311012534,High,2.7591726200229973
510,31.16686623581459,30.66686623581459,High,3.066305070009633
511,31.488829930258856,30.988829930258856,High,2.767909323196512
512,30.392592562095253,29.892592562095253,High,2.782453690900304
513,32.73023465078281,32.23023465078281,High,3.29386929476291
514,33.99611937307082,33.49611937307082,High,2.7116720982878357
515,33.42220626928712,32.92220626928712,High,3.0461212639226574
516,29.8115322300694,29.5115322300694,Medium,2.106487584810752
517,31.780521804507423,31.280521804507423,High,2.9666097321880716
518,30.22162159929371,29.72162159929371,High,3.2895408882599035
519,31.70103613315347,31.20103613315347,High,3.244194760952075
520,34.56235161059674,34.06235161059674,High,3.0961005831804074
521,35.16655241909027,34.66655241909027,High,3.173747679980793
522,31.588604622601963,31.088604622601963,High,3.124369042738817
523,31.040773724435404,30.540773724435404,High,3.247796655244979
524,30.84224647334425,30.34224647334425,High,2.7257521098129778
525,31.20444922660729,30.70444922660729,High,3.2213869353559974
526,29.55136125614954,29.25136125614954,Medium,2.1819929636216573
527,31.786482072585983,31.286482072585983,High,3.179463530418636
528,33.558785632983465,33.058785632983465,High,3.1881854358045407
529,27.93436102300401,27.634361023004008,Medium,2.1970055657577334
530,30.653627163996763,30.153627163996763,High,3.209794009587912
531,34.51216238151698,34.01216238151698,High,2.723304962887303
532,30.172685554240893,29.672685554240893,High,2.747103676505648
533,31.613059767839854,31.113059767839854,High,2.9948063610191618
534,29.55067001621177,29.25067001621177,Medium,1.8553502853058457
535,30.72043881009832,30.22043881009832,High,3.146113411537214
536,33.851832080732855,33.351832080732855,High,2.882147480713409
537,33.92442668433834,33.42442668433834,High,2.894039033370233
538,31.834611911576136,31.334611911576136,High,2.8916355600984267
539,30.959654386593524,30.459654386593524,High,2.89094595792855
540,31.487821445660156,30.987821445660156,High,3.1857761946823913
541,31.108299261596315,30.608299261596315,High,2.744930877502995
542,31.46990959885039,30.96990959885039,High,2.8192237843013848
543,36.64483465738752,36.14483465738752,High,2.802649779165335
544,29.38251497587864,29.082514975878638,Medium,2.0173263673365596
545,27.252871442284068,26.952871442284067,Medium,2.038796655502123
546,25.70777654478382,25.407776544783818,Medium,2.0178073848522695
547,28.144830295112893,27.844830295112892,Medium,1.8115560607823613
548,32.87714818458072,32.37714818458072,High,2.98637285855802
549,32.01377087859237,31.513770878592368,High,3.1434387621602897
550,28.384036875448068,28.084036875448067,Medium,2.004601240813696
551,30.862272214835357,30.362272214835357,High,3.097502885762884
552,31.46371583680784,30.96371583680784,High,3.0746045553622636
553,31.283377227761196,30.783377227761196,High,2.9460183308854897
554,29.092783094183257,28.792783094183257,Medium,2.1578808310455746
555,29.12632886644013,28.82632886644013,Medium,1.9343709877623638
556,32.967103829763325,32.467103829763325,High,3.048017012029076
557,34.33487609570496,33.83487609570496,High,2.7546914563859413
558,33.82563111990411,33.32563111990411,High,2.8677956664724125
559,29.02029214260596,28.72029214260596,Medium,1.8248566346471558
560,30.464677719545683,29.964677719545683,High,2.900630311884601
561,30.93000312441956,30.43000312441956,High,3.0707479172022727
562,31.57175418971276,31.07175418971276,High,3.2978267987883654
563,30.155473673457056,29.655473673457056,High,3.137537496037908
564,32.51751356328245,32.01751356328245,High,3.2483974396422615
565,33.91261113194321,33.41261113194321,High,3.024665817512448
566,32.63030375056296,32.13030375056296,High,2.997111113315146
567,29.937274454686012,29.63727445468601,Medium,1.9564322338088909
568,29.13186499268921,28.83186499268921,Medium,1.8017047450109098
569,31.23895519545004,30.73895519545004,High,3.0127700237762998
570,26.336929113583764,26.036929113583763,Medium,1.8983108855851505
571,29.946395311110983,29.646395311110982,Medium,2.1810206556966634
572,28.48477749937213,28.184777499372128,Medium,1.81431376856022
573,28.194689513558288,27.894689513558287,Medium,1.8340629865860807
574,30.80020713517643,30.30020713517643,High,2.9422051883407807
575,29.95335829847786,29.65335829847786,Medium,1.993852305461139
576,23.270805113498053,23.17080511349805,Low,1.0823562470292953
577,25.756266533690447,25.456266533690446,Medium,1.8318607233060977
578,27.32954141810182,27.029541418101818,Medium,1.964112514719492
579,26.03547599047311,25.73547599047311,Medium,1.8590927280006166
580,26.835633247995226,26.535633247995225,Medium,1.960018591756404
581,28.21686974230552,27.91686974230552,Medium,1.885044836614847
582,24.98953759726549,24.68953759726549,Medium,1.9963054256898964
583,28.718585732441905,28.418585732441905,Medium,2.0770286412393144
584,24.49043878163902,24.19043878163902,Medium,1.9957274600182058
585,25.82916314459812,25.52916314459812,Medium,1.8811192456076944
586,25.488401426995093,25.188401426995092,Medium,1.9948022508604808
587,27.034566815086546,26.734566815086545,Medium,2.091516373309157
588,28.558196939002105,28.258196939002104,Medium,1.9712489901780146
589,29.158526281676025,28.858526281676024,Medium,2.1805705093353813
590,24.9580681153709,24.6580681153709,Medium,2.081030438655473
591,27.67654905419436,27.37654905419436,Medium,1.9263133495129923
592,25.99340580425188,25.693405804251878,Medium,2.1246272914808424
593,29.08233106140555,28.78233106140555,Medium,1.9611917633481848
594,29.47338528458909,29.173385284589088,Medium,2.1062374479398462
595,27.00752679861462,26.70752679861462,Medium,1.9129728948072016
596,28.83931266590346,28.53931266590346,Medium,1.8371622498365774
597,28.852315423112906,28.552315423112905,Medium,2.0002151950492477
598,26.88080989085172,26.580809890851718,Medium,2.157707477004334
599,27.79271376962041,27.49271376962041,Medium,1.9951957886822824
600,29.302239366084013,29.002239366084012,Medium,2.1498594204094186
601,24.48715533046081,24.187155330460808,Medium,1.8427384848246664
602,26.14324697831899,25.84324697831899,Medium,2.114268894359212
603,24.833017060187853,24.533017060187852,Medium,2.0955327250328817
604,28.226582031401136,27.926582031401136,Medium,1.8440360216441465
605,30.03119681567261,29.53119681567261,High,3.1079117338605315
606,26.913344246775587,26.613344246775586,Medium,2.1588888955420695
607,22.29986751626376,22.199867516263758,Low,1.0076163933449478
608,27.613387757436048,27.313387757436047,Medium,2.017314696798095
609,28.60651515044369,28.30651515044369,Medium,2.0494518043635614
610,28.51106844714408,28.21106844714408,Medium,2.1657299894194906
611,27.024222032409494,26.724222032409493,Medium,2.1625338941503034
612,28.979990481280947,28.679990481280946,Medium,1.8314325817465278
613,30.403715418956,29.903715418956,High,2.9223639562190113
614,25.984383572355505,25.684383572355504,Medium,2.1650207798484087
615,28.9810213554832,28.6810213554832,Medium,1.9292578874621595
616,28.77636507609372,28.47636507609372,Medium,1.8463952092013145
617,24.9413932296141,24.6413932296141,Medium,1.9000442432579578
618,26.724209283807905,26.424209283807905,Medium,2.0770378835413417
619,29.62655907380265,29.32655907380265,Medium,1.87841005273264
620,29.953912410734837,29.653912410734836,Medium,1.9111832660275647
621,26.686320962445457,26.386320962445456,Medium,1.9591418822006126
622,24.58136192664768,24.28136192664768,Medium,1.8315627569857833
623,25.06978445669121,24.76978445669121,Medium,2.0879460230038696
624,27.10521793545917,26.80521793545917,Medium,2.1205572585959356
625,26.220486371273463,25.920486371273462,Medium,1.9939377633987265
626,21.97002556723984,21.87002556723984,Low,1.092329604017547
627,27.251896066708024,26.951896066708024,Medium,1.8448361075871835
628,25.01140652450626,24.71140652450626,Medium,1.9180830267352504
629,27.320651213480268,27.020651213480267,Medium,2.0346890165384894
630,23.93600870897066,23.83600870897066,Low,1.0213779655482247
631,25.476865259761617,25.176865259761616,Medium,2.025960243833269
632,23.72697221879219,23.62697221879219,Low,1.0132043778031168
633,27.75231877431688,27.45231877431688,Medium,2.127480824332867
634,20.79440101816459,20.694401018164587,Low,1.0245355740179005
635,25.53600225435832,25.23600225435832,Medium,2.1872027906623157
636,28.15929144758144,27.85929144758144,Medium,2.0597736262973325
637,26.0228917173956,25.722891717395598,Medium,1.8146760325641629
638,28.40627907611936,28.10627907611936,Medium,1.9419478909020236
639,27.10160059111269,26.801600591112688,Medium,1.860071135290338
640,24.117538182629566,23.817538182629566,Medium,1.8161202991147096
641,22.57207648184383,22.47207648184383,Low,0.9141922138376937
642,23.52915273650537,23.42915273650537,Low,0.9585043570582527
643,23.326461790492356,23.226461790492355,Low,1.0770838701945686
644,22.427116962917708,22.327116962917707,Low,1.0560200850803594
645,24.42608561411245,24.126085614112448,Medium,2.1547584931827655
646,22.457344674738764,22.357344674738762,Low,0.9966797915771352
647,20.84408365699573,20.744083656995727,Low,0.90580671067453
648,23.661700789216788,23.561700789216786,Low,1.0564662902388524
649,24.635534141574283,24.335534141574282,Medium,2.073671035028684
650,22.443339098790748,22.343339098790747,Low,0.9284837903568056
651,25.691511094719026,25.391511094719025,Medium,2.0400499965524967
652,24.738682482733136,24.438682482733135,Medium,1.8280246305583043
653,27.531841299141764,27.231841299141763,Medium,2.1857222732296244
654,24.826608171117712,24.52660817111771,Medium,2.0649492230140876
655,27.39902552312091,27.099025523120908,Medium,2.0895883789252845
656,25.448743880592925,25.148743880592924,Medium,1.9758716876133282
657,18.362741101571675,18.262741101571674,Low,0.9406900603595519
658,19.426285454278823,19.32628545427882,Low,1.095031932044218
659,23.64631939725198,23.546319397251978,Low,1.0665881419176313
660,22.35594807430044,22.255948074300438,Low,1.0982369414566733
661,21.80315956244662,21.70315956244662,Low,1.0446581388661011
662,26.80117609487983,26.501176094879828,Medium,1.9586202932438168
663,25.53231863787725,25.23231863787725,Medium,1.925292438658845
664,26.734302241169072,26.43430224116907,Medium,1.8415526434668767
665,20.76644749278602,20.66644749278602,Low,1.0673034913261998
666,20.11378238480416,20.01378238480416,Low,1.0405844141002882
667,24.54831106609051,24.24831106609051,Medium,1.9886696926004273
668,22.93442789181103,22.83442789181103,Low,1.0990954961885033
669,24.407942270867466,24.107942270867465,Medium,2.1934024581114295
670,19.95969761613916,19.859697616139158,Low,0.9007382434963374
671,26.637374184304555,26.337374184304554,Medium,2.0814961739039037
672,27.8463667269965,27.5463667269965,Medium,1.9894176089152997
673,19.77500225521467,19.675002255214668,Low,0.901261176999271
674,23.3139043561574,23.2139043561574,Low,1.084322364666285
675,24.139834072461483,23.839834072461482,Medium,2.0688363341249043
676,20.492035075541168,20.392035075541166,Low,0.9489748543711484
677,23.76469852625496,23.66469852625496,Low,0.9406634312272885
678,20.45347868760892,20.35347868760892,Low,0.9089669493776036
679,21.82762108635597,21.727621086355967,Low,0.9718436147012965
680,21.852325383970644,21.752325383970643,Low,0.9198001779147236
681,24.60354801467056,24.30354801467056,Medium,2.0499303801556845
682,24.65628761591416,24.35628761591416,Medium,2.15556693707399
683,20.70683586019284,20.606835860192838,Low,0.9671692398772459
684,22.143229090117806,22.043229090117805,Low,0.939042165111338
685,21.038247514885203,20.9382475148852,Low,0.9874072192372898
686,20.83652581778368,20.73652581778368,Low,0.9013681912815357
687,19.55938518238961,19.45938518238961,Low,1.0646350620728076
688,24.290046248639865,23.990046248639864,Medium,1.845840417318335
689,24.105702267839487,23.805702267839486,Medium,1.9181718311424276
690,22.74615986674876,22.646159866748757,Low,0.9361650583796667
691,23.624963531537567,23.524963531537566,Low,1.0871649661685676
692,19.204181130612955,19.104181130612954,Low,1.041176063561357
693,25.25538470278201,24.95538470278201,Medium,2.0676537900171374
694,24.92928073851393,24.62928073851393,Medium,2.0432471514612924
695,23.1154231667636,23.015423166763597,Low,0.9561514408608957
696,21.88059551785501,21.78059551785501,Low,1.079911173040477
697,22.49465357195095,22.394653571950947,Low,1.0762795055972756
698,20.886406782227706,20.786406782227704,Low,1.0211866589529803
699,20.670801403420963,20.570801403420962,Low,1.081339477939089
700,21.690057835303,21.590057835303,Low,0.9632976401023083
701,18.7565844024996,18.656584402499597,Low,1.0988218793409417
702,23.306876356404345,23.206876356404344,Low,1.0723353046120894
703,20.592321768553752,20.49232176855375,Low,0.9182772517529023
704,25.620607206619265,25.320607206619265,Medium,2.1767011679186843
705,20.02400534468357,19.924005344683568,Low,1.0589850265973564
706,19.91010291883061,19.81010291883061,Low,0.9893392574425866
707,20.84437607894507,20.74437607894507,Low,0.915539232610334
708,21.30834345270999,21.20834345270999,Low,0.982609954526908
709,19.868660655535145,19.768660655535143,Low,1.0983240659330455
710,19.714599627054348,19.614599627054346,Low,1.0710968306398114
711,18.915146276518925,18.815146276518924,Low,1.0570804458143976
712,20.29150905061552,20.19150905061552,Low,0.911944972948313
713,20.18050178745939,20.08050178745939,Low,0.9425788615003188
714,22.31437447094729,22.214374470947288,Low,0.950140090723192
715,22.29330210786373,22.19330210786373,Low,0.9651699694806786
716,24.856192396858575,24.556192396858574,Medium,1.8277526601425618
717,19.91642164237452,19.816421642374518,Low,1.0395987042686516
718,19.697658809707374,19.597658809707372,Low,0.9830117038436657
719,20.5053129968242,20.405312996824197,Low,0.9778281272084925
720,23.26064462417646,23.16064462417646,Low,1.0612229188200653
721,19.27058640288542,19.17058640288542,Low,1.0981745976294905
722,19.54587421966756,19.44587421966756,Low,0.9698158295798283
723,16.724470750070278,16.624470750070277,Low,0.951583450641512
724,17.942349476998906,17.842349476998905,Low,0.9356329306207944
725,19.868516407716687,19.768516407716685,Low,0.9955187965776687
726,17.863627530959306,17.763627530959305,Low,1.0248142617710339
727,15.842318723045352,15.742318723045353,Low,1.0107426927246972
728,17.836243492608112,17.73624349260811,Low,0.9083817234629243
729,17.924837155529577,17.824837155529575,Low,1.0788007610067814
730,20.557746819650426,20.457746819650424,Low,0.9945655304194235
731,20.216897297008536,20.116897297008535,Low,1.0950615236904433
732,16.07705170068246,15.97705170068246,Low,0.9487811894240421
733,16.698279241642744,16.598279241642743,Low,0.9853607931386716
734,24.636771430393832,24.33677143039383,Medium,1.907480059582991
735,21.279567698466696,21.179567698466695,Low,0.9792061066514013
736,19.220077443512817,19.120077443512816,Low,0.9391769705768401
737,18.108208340066348,18.008208340066346,Low,1.0085282849865262
738,20.118515204149183,20.018515204149182,Low,0.9442870802116801
739,17.648820176729007,17.548820176729006,Low,1.0161787451144018
740,18.085344494528236,17.985344494528235,Low,0.9994056416364393
741,17.820682107275825,17.720682107275824,Low,1.0950147369415946
742,19.161657881746745,19.061657881746743,Low,1.0148648366154847
743,19.946854297415506,19.846854297415504,Low,0.9760114183931016
744,18.172237167250465,18.072237167250464,Low,0.9372249638884153
745,17.530647958661554,17.430647958661552,Low,1.0049150876180575
746,19.27784595035764,19.17784595035764,Low,0.9449812887965562
747,15.736089031771762,15.636089031771762,Low,1.079686068772269
748,13.376093838418107,13.276093838418108,Low,1.0503414065856036
749,18.32907468169132,18.22907468169132,Low,1.033528289389152
750,18.409114621447134,18.309114621447133,Low,0.9735967101356229
751,19.036717661944916,18.936717661944915,Low,1.0303159095736665
752,14.489259361865097,14.389259361865097,Low,1.0467113041741882
753,19.789517759741056,19.689517759741054,Low,0.9494876086805454
754,19.336167193401398,19.236167193401396,Low,1.0901257670923399
755,17.923034761085997,17.823034761085996,Low,1.0463470561520318
756,17.79029269445033,17.690292694450328,Low,0.9288162716415156
757,17.847849491108178,17.747849491108177,Low,0.9827531062006828
758,15.385866818685669,15.285866818685669,Low,1.069848545908056
759,19.197109688103083,19.09710968810308,Low,1.0958000296974217
760,16.52445610341171,16.424456103411707,Low,0.9168319146099674
761,16.17668074910091,16.07668074910091,Low,0.982674459030078
762,19.54262502261708,19.44262502261708,Low,0.966632773145912
763,18.157686521163736,18.057686521163735,Low,0.9115186565555318
764,15.93186279509512,15.83186279509512,Low,0.9893762429064693
765,16.82019411579182,16.72019411579182,Low,1.071135605808661
766,19.15554398332168,19.05554398332168,Low,0.999622442444016
767,15.869536943114898,15.769536943114899,Low,1.0414823550499062
768,18.596452147201425,18.496452147201424,Low,0.9199950118649638
769,18.006489276706397,17.906489276706395,Low,1.0162725236241978
770,15.21127508006546,15.111275080065461,Low,1.0066668172368964
771,15.367904054180212,15.267904054180212,Low,0.9852979306135798
772,18.23810643446119,18.13810643446119,Low,1.0655256999805451
773,14.661505159671728,14.561505159671729,Low,1.0434147172691581
774,16.68990582197528,16.58990582197528,Low,1.0726968266770642
775,16.787737154663958,16.687737154663957,Low,1.0316354451121872
776,16.204158734105256,16.104158734105255,Low,1.0161511978150477
777,16.013265002742617,15.913265002742618,Low,0.9907107685340067
778,18.748403493174777,18.648403493174776,Low,1.0878026428956633
779,17.481206185216013,17.381206185216012,Low,0.9332672824670059
780,14.763711078758195,14.663711078758196,Low,0.9011959224194807
781,16.131181246692265,16.031181246692263,Low,1.0426990191032106
782,14.25523640775857,14.15523640775857,Low,0.9052775084468925
783,16.741491044977682,16.64149104497768,Low,1.0567396464332903
784,19.552853008985277,19.452853008985276,Low,1.0837109260824576
785,15.787766940685216,15.687766940685217,Low,1.0757385167590647
786,18.226340280016345,18.126340280016343,Low,1.011926359287353
787,16.829133467794893,16.72913346779489,Low,1.0925333385834703
788,18.75552431476582,18.65552431476582,Low,1.0579151725915144
789,15.306933467809246,15.206933467809247,Low,0.9557879258554974
790,17.108528587900793,17.00852858790079,Low,0.9259690447259645
791,13.316406649212151,13.216406649212152,Low,0.9712733543555613
792,17.441610794177222,17.34161079417722,Low,1.0678004350288721
793,18.64422119632208,18.544221196322077,Low,0.9589658847801888
794,16.76769779779058,16.667697797790577,Low,0.9093205340464525
795,13.829848564381782,13.729848564381783,Low,0.9074788212078185
796,17.017112438453918,16.917112438453916,Low,0.9134434750536043
797,13.547376105095449,13.447376105095449,Low,0.9251781891020717
798,14.296789266745494,14.196789266745494,Low,1.0151536142566422
799,17.91860203407932,17.81860203407932,Low,0.9411660732671309
800,14.965635963140985,14.865635963140985,Low,0.9215070782396237
801,16.73161650197302,16.631616501973017,Low,0.9227572995615855
802,11.354270052765818,11.254270052765818,Low,0.9654379390345439
803,15.920627973535623,15.820627973535624,Low,0.9223914696457074
804,16.264595051349332,16.16459505134933,Low,1.017171666469639
805,14.286858646041765,14.186858646041765,Low,1.0737344544878908
806,17.931974886671707,17.831974886671706,Low,1.0022552253476777
807,15.481886969923073,15.381886969923073,Low,0.9210458217324878
808,14.044959890934685,13.944959890934685,Low,0.9091275228925716
809,11.997890385202243,11.897890385202244,Low,0.903471938748363
810,13.242104049169956,13.142104049169957,Low,1.0679920001621803
811,11.44268763347062,11.34268763347062,Low,1.0140018634455394
812,9.83547965475822,9.73547965475822,Low,1.057025738500807
813,15.161733088589726,15.061733088589726,Low,0.9594700358792531
814,18.016390488199495,17.916390488199493,Low,0.912576121744689
815,15.439801436647596,15.339801436647596,Low,1.0194573221023666
816,14.37357848142067,14.273578481420671,Low,0.9616688798811923
817,13.14384040914108,13.04384040914108,Low,0.9398321569873821
818,13.148440052748692,13.048440052748692,Low,0.9134339758721063
819,14.503362296153284,14.403362296153285,Low,1.0356591185274582
820,8.40509858927863,8.30509858927863,Low,1.0153898568104147
821,15.153278037890637,15.053278037890637,Low,1.087089664192509
822,15.884155744749505,15.784155744749505,Low,0.9956727761257905
823,12.43166148816933,12.331661488169331,Low,0.9373717916627629
824,13.134820113715636,13.034820113715636,Low,1.0681338862495038
825,13.90361414612517,13.80361414612517,Low,1.006371704014453
826,9.313077976774792,9.213077976774793,Low,0.9891265058701293
827,15.699820112858934,15.599820112858934,Low,1.0568102638403063
828,13.161560032418825,13.061560032418825,Low,0.9935591163329378
829,13.35652197512558,13.25652197512558,Low,0.9627306766522691
830,16.127558141678183,16.02755814167818,Low,1.0160853285301312
831,11.059501184104516,10.959501184104516,Low,1.017695277087811
832,17.082860258979327,16.982860258979326,Low,0.9700961944769199
833,15.937667992126878,15.837667992126878,Low,1.086786475172495
834,13.243380051519267,13.143380051519268,Low,1.060291960660857
835,10.840310498962571,10.740310498962572,Low,1.039755706250017
836,14.15557883508706,14.05557883508706,Low,1.0398956097825636
837,12.822475037882356,12.722475037882356,Low,1.0745939312043973
838,11.110866556839504,11.010866556839504,Low,0.9025862571276104
839,11.999235803492668,11.899235803492669,Low,0.9874514989881317
840,11.327270670805746,11.227270670805746,Low,1.0368160946712828
841,11.793619119060612,11.693619119060612,Low,0.9374049669833666
842,12.494275120245597,12.394275120245597,Low,0.9970114659938362
843,11.550206559587592,11.450206559587592,Low,0.9781156956721105
844,12.46626221578631,12.36626221578631,Low,1.0346114216600064
845,9.800525240824427,9.700525240824428,Low,1.0914402250099213
846,11.346714399686691,11.246714399686692,Low,0.9417293985972596
847,15.66028684953995,15.560286849539951,Low,1.0861786388732395
848,9.418471262098954,9.318471262098955,Low,0.9551558113556815
849,13.18171606835698,13.08171606835698,Low,1.0100979154773424
850,12.28833752100613,12.18833752100613,Low,1.0724832379911247
851,11.255644149390925,11.155644149390925,Low,1.023560560222307
852,11.101342994542858,11.001342994542858,Low,1.0890136216178148
853,11.162670228763458,11.062670228763459,Low,0.9260372919094371
854,14.415937462466864,14.315937462466865,Low,0.9367736248209015
855,9.201436654360275,9.101436654360276,Low,0.9873325463135064
856,10.56457262165492,10.46457262165492,Low,0.9635874086716539
857,11.460026744919707,11.360026744919708,Low,0.9035214488696834
858,9.852554188780331,9.752554188780332,Low,0.9536063999637159
859,15.025242189272763,14.925242189272764,Low,1.019438668174028
860,11.795538941934929,11.69553894193493,Low,1.0239863902718849
861,10.141709656152893,10.041709656152893,Low,0.9052579255995373
862,10.935377476783382,10.835377476783382,Low,1.0815507331255645
863,9.711861586353644,9.611861586353644,Low,1.015113221930614
864,13.232254779588423,13.132254779588424,Low,1.0935984193771524
865,12.032612351272626,11.932612351272626,Low,1.002920435576324
866,8.143823932030845,8.043823932030845,Low,1.088754973248037
867,9.922068888695106,9.822068888695107,Low,1.0840998241103168
868,10.277787613307972,10.177787613307972,Low,0.9218093074325446
869,9.835400591806138,9.735400591806139,Low,0.9880176712431367
870,7.607808058117209,7.5078080581172095,Low,1.009585906384165
871,11.611662831214874,11.511662831214874,Low,0.9479726857156107
872,12.471086776078325,12.371086776078325,Low,0.9293167053392206
873,10.388276427360536,10.288276427360536,Low,0.9506086882900586
874,8.390444210951769,8.290444210951769,Low,0.957095789739401
875,10.907121408868694,10.807121408868694,Low,0.90390710910521
876,9.379796192149502,9.279796192149503,Low,1.0374211149017198
877,10.741689231934757,10.641689231934757,Low,1.0976354672520419
878,9.841456373470288,9.741456373470289,Low,1.0953554521559303
879,8.558009235121508,8.458009235121509,Low,0.9083072868877493
880,13.391603828356216,13.291603828356216,Low,1.0773009622898986
881,8.078051271692093,7.9780512716920935,Low,1.0810977136487354
882,11.271863290545078,11.171863290545078,Low,0.9521356998054479
883,10.020128891618766,9.920128891618766,Low,0.937913501883529
884,7.856181264741927,7.756181264741928,Low,1.08746565860729
885,9.085675200397691,8.985675200397692,Low,1.0062389442239734
886,7.168196738554833,7.068196738554834,Low,0.9824535357081626
887,11.479190397307544,11.379190397307545,Low,0.9276584942394839
888,12.013621933239545,11.913621933239545,Low,0.9444165998655237
889,10.483865350185935,10.383865350185935,Low,0.9853658253608246
890,8.866494429251379,8.76649442925138,Low,1.0225252928089206
891,8.198041385429487,8.098041385429488,Low,0.9171946883313267
892,9.436168962948582,9.336168962948582,Low,0.9969633113379464
893,10.446897025087098,10.346897025087099,Low,1.053203994276943
894,11.808721166160222,11.708721166160222,Low,0.9879589311400663
895,5.991658305523868,5.891658305523868,Low,0.9426325883156551
896,9.85127157777132,9.75127157777132,Low,0.9993081575157163
897,8.34655018334825,8.24655018334825,Low,1.0617906984383987
898,9.462419670435509,9.362419670435509,Low,1.0081963520845199
899,9.66479930627247,9.564799306272471,Low,0.9783447800952151
900,8.920445265405128,8.820445265405128,Low,1.083877752476566
901,8.857912248208029,8.75791224820803,Low,0.9581599361454987
902,7.792687124765877,7.692687124765877,Low,1.0170567509653083
903,9.70723917819439,9.60723917819439,Low,1.0166444082861743
904,8.79568186126654,8.695681861266541,Low,1.031269916209621
905,6.425253369655635,6.325253369655635,Low,0.9033508797821557
906,7.135331774333389,7.03533177433339,Low,0.9392369169228306
907,10.758108485620063,10.658108485620064,Low,1.0148944097145116
908,8.46771737494164,8.367717374941641,Low,0.9090711421302864
909,8.107498969727349,8.007498969727349,Low,1.0620342710368427
910,13.1843486062172,13.084348606217201,Low,0.9120930818291652
911,8.524225902801897,8.424225902801897,Low,1.0928167566057885
912,10.031165019740724,9.931165019740725,Low,0.9216066437210192
913,6.4721161351740335,6.372116135174034,Low,0.9142290827687305
914,9.075070307144372,8.975070307144373,Low,0.9820599544473538
915,11.444147694457255,11.344147694457256,Low,1.0972618963110907
916,5.945607120137479,5.84560712013748,Low,1.0781152777826013
917,7.203897368254841,7.103897368254842,Low,1.0942330260045585
918,10.982080319471912,10.882080319471912,Low,0.9153297972271065
919,8.751197084309885,8.651197084309885,Low,1.0490439997868408
920,6.817642295206023,6.717642295206024,Low,1.0108679386808839
921,6.847551363909247,6.747551363909247,Low,1.0703124282951366
922,8.083815735210287,7.983815735210287,Low,1.0378380645720007
923,7.118513024473845,7.018513024473846,Low,0.9201542595396157
924,9.366945470307645,9.266945470307645,Low,0.9793260067367262
925,6.817758776342754,6.717758776342754,Low,1.0483230242733996
926,9.216070577539876,9.116070577539876,Low,0.9295237990471118
927,8.117629564849272,8.017629564849273,Low,0.9086713371223564
928,9.082108771360923,8.982108771360924,Low,0.9572286001907276
929,9.64938742254706,9.54938742254706,Low,0.9736469622482022
930,6.212038629101672,6.112038629101672,Low,1.0313649441207364
931,7.586815947201774,7.486815947201775,Low,1.0646097821685383
932,5.841953298566949,5.7419532985669495,Low,0.9977636180869863
933,5.467531516512336,5.3675315165123365,Low,1.0826018073366939
934,11.010031596168297,10.910031596168297,Low,0.9004723371615776
935,9.342898133825749,9.242898133825749,Low,1.0627035450356992
936,12.097227250022616,11.997227250022616,Low,1.0145599034451516
937,10.735720324959257,10.635720324959257,Low,1.068403387860468
938,6.421912789330959,6.321912789330959,Low,0.945221141094988
939,8.3416472131253,8.241647213125301,Low,1.0952637719180476
940,6.068092032619007,5.9680920326190074,Low,0.98415653035603
941,6.640293685243613,6.540293685243613,Low,1.086649097844143
942,6.055793417667873,5.9557934176678735,Low,1.00249772733333
943,4.9227603773726365,4.822760377372637,Low,1.000222627856809
944,5.403824962083734,5.303824962083734,Low,0.9462435957913862
945,8.576818008042114,8.476818008042114,Low,0.9386785161202843
946,10.802103719076376,10.702103719076376,Low,1.0259997537350076
947,9.5567023116274,9.456702311627401,Low,0.9655863185415406
948,8.643044984748908,8.543044984748908,Low,1.0008410431818453
949,3.716011460072345,3.616011460072345,Low,1.0208000800206805
950,8.639262055280433,8.539262055280433,Low,1.0307479525724048
951,10.358973035643666,10.258973035643667,Low,0.9834041979095682
952,5.985256007509472,5.885256007509472,Low,1.0761829492995558
953,5.106750275847865,5.006750275847866,Low,0.9040476100355603
954,8.929110989830578,8.829110989830578,Low,1.0868003988497796
955,6.715423847243766,6.6154238472437665,Low,1.0514401829869517
956,9.272728490261231,9.172728490261232,Low,1.0789690669818037
957,6.387428858550102,6.287428858550102,Low,1.012512805766559
958,8.449214233475402,8.349214233475402,Low,1.0136525159132823
959,6.588683908233694,6.4886839082336945,Low,1.0669861054549257
960,9.978276313658526,9.878276313658526,Low,0.9712539133032115
961,5.1868161797522525,5.086816179752253,Low,0.9989243721058696
962,9.608683318616748,9.508683318616749,Low,0.9432064142063112
963,5.912942707919616,5.812942707919617,Low,1.0538256012520733
964,8.733792337598109,8.63379233759811,Low,1.080752283075694
965,6.029015577591668,5.929015577591668,Low,0.9770892861461083
966,5.205449037536097,5.105449037536097,Low,1.0631405115450931
967,6.889657288032811,6.789657288032811,Low,1.0500197315877329
968,7.313718995873774,7.213718995873775,Low,0.9787336188580571
969,7.3522647359559326,7.252264735955933,Low,1.0462562369466801
970,7.402350147261416,7.302350147261416,Low,0.9335036195082618
971,5.478980839837937,5.378980839837937,Low,1.0736095771726302
972,10.59759667165786,10.49759667165786,Low,0.9477422904357662
973,5.081149274119991,4.981149274119991,Low,1.0462804723261994
974,7.134957257178524,7.034957257178524,Low,1.035294615904657
975,8.960440172385095,8.860440172385095,Low,1.0540331509962395
976,5.488150728844811,5.388150728844812,Low,0.9038994908065657
977,3.488637353962728,3.3886373539627277,Low,1.0332377757088294
978,3.219813550934597,3.119813550934597,Low,0.9226245582212824
979,4.039953917611763,3.939953917611763,Low,1.031704059684383
980,4.229494908878163,4.129494908878163,Low,1.085226044118235
981,7.563952901447327,7.463952901447327,Low,1.0004833685258385
982,5.735704829974244,5.6357048299742445,Low,0.9563902307008845
983,2.614778914274372,2.514778914274372,Low,1.0436050560781926
984,7.573302400017151,7.473302400017151,Low,1.0709992106856265
985,5.172288105650979,5.072288105650979,Low,0.9168127005441202
986,4.044685239610368,3.944685239610368,Low,1.0614871316785726
987,10.30334326254285,10.20334326254285,Low,0.9921096657262911
988,4.3354069314572135,4.235406931457214,Low,1.0058818228168744
989,3.608039090320229,3.5080390903202288,Low,0.9396539144824576
990,4.788837555024065,4.688837555024065,Low,1.0936289328156734
991,7.25952617434899,7.15952617434899,Low,0.9568112630305137
992,6.376050677716865,6.276050677716865,Low,0.9831551285907071
993,6.262281481576783,6.162281481576783,Low,1.0973335213188893
994,7.724704895155877,7.624704895155878,Low,0.9947660076588207
995,5.298609237935248,5.198609237935249,Low,0.9288201009044637
996,5.214177695514437,5.114177695514438,Low,0.9559081281886392
997,6.240707773227047,6.140707773227048,Low,0.9724091866788349
998,0.8222106182174729,0.7222106182174729,Low,0.9025397542388445
999,1.6385916643716998,1.5385916643716997,Low,1.0282822995766303
1000,6.158184100847471,6.0581841008474715,Low,0.905113070777927
1001,5.838349778649344,5.7383497786493445,Low,0.9361730123453227
1002,5.292652072008285,5.192652072008285,Low,1.0674504510299911
1003,4.085510404294004,3.9855104042940037,Low,0.9168073996468646
1004,4.055944092102232,3.9559440921022317,Low,1.0216043339313012
1005,3.660454585786968,3.560454585786968,Low,0.9276735071417844
1006,7.08103138161432,6.98103138161432,Low,1.0664164777199787
1007,6.197690254574823,6.0976902545748235,Low,1.0664011174744419
1008,3.765985333084017,3.665985333084017,Low,1.0585107598418433
1009,6.290785926748102,6.190785926748102,Low,0.9260879665425126
1010,3.6957505672722415,3.5957505672722414,Low,1.044317522054082
1011,5.475661909095584,5.375661909095585,Low,1.0343918765406048
1012,4.235507673843399,4.135507673843399,Low,0.9494483317098588
1013,0.7189108151939614,0.6189108151939614,Low,0.914057986632832
1014,7.86242196759528,7.76242196759528,Low,0.9321772542416344
1015,4.604915899778981,4.5049158997789815,Low,1.0938842164191025
1016,4.381478337876291,4.281478337876291,Low,1.020371133095018
1017,5.4228309137183786,5.322830913718379,Low,1.0097732474729566
1018,6.420665883523365,6.320665883523366,Low,1.0065332020894564
1019,3.7480178085315057,3.6480178085315056,Low,0.9193191715694936
1020,5.017585914333408,4.917585914333408,Low,0.9116414509716078
1021,9.146804120898915,9.046804120898916,Low,1.0860683974284084
1022,2.762149995941839,2.662149995941839,Low,0.9427408392764004
1023,4.534897331974314,4.434897331974314,Low,1.0409984719811307
1024,4.404874770789788,4.304874770789788,Low,1.0329029983535762
1025,1.5273918169039904,1.4273918169039903,Low,1.0709127681977715
1026,1.7709142902924486,1.6709142902924485,Low,1.0872324768688397
1027,5.477917279023087,5.377917279023087,Low,0.9259703483490004
1028,6.864431914687273,6.764431914687274,Low,0.907578852076899
1029,6.572204766086354,6.472204766086354,Low,0.9196307324784013
1030,4.86325393906472,4.76325393906472,Low,0.9500692524639155
1031,8.264360007358789,8.16436000735879,Low,0.9496115290299899
1032,5.480657800845323,5.380657800845324,Low,1.0690818153897885
1033,4.459539141233963,4.359539141233963,Low,0.9059159176599579
1034,7.211563786494112,7.111563786494112,Low,0.9418319026747
1035,8.05805250205831,7.95805250205831,Low,0.9969247595980869
1036,4.046495368397312,3.946495368397312,Low,1.0134540303709245
1037,0.2791459025036991,0.17914590250369908,Low,1.0318104656679945
1038,6.06085643451612,5.960856434516121,Low,1.0726119275481054
1039,5.767975648477528,5.667975648477529,Low,0.988663145610177
1040,5.06094430785626,4.96094430785626,Low,1.094959513867041
1041,9.214065037932391,9.114065037932392,Low,0.9260594319417277
1042,3.943540131644956,3.843540131644956,Low,1.0474878663041327
1043,3.5259500983506804,3.4259500983506803,Low,1.0596911924931025
1044,8.486133802008,8.386133802008,Low,0.9435561181327486
1045,5.385691227316631,5.285691227316631,Low,1.0237817181080218
1046,5.702696303835574,5.602696303835574,Low,0.9147437606646681
1047,6.035538883583958,5.935538883583958,Low,1.0536002736587544
1048,4.072919637530234,3.9729196375302336,Low,1.0426959094880872
1049,0.8118022476416789,0.7118022476416789,Low,0.9839390391840486
1050,2.211692678747956,2.1116926787479557,Low,1.0087434755764213
1051,5.244302361069653,5.144302361069653,Low,1.0523855183634065
1052,5.050617027877953,4.9506170278779535,Low,1.0909401582088696
1053,5.023552460145467,4.923552460145467,Low,1.0867121812557337
1054,4.492443602854826,4.392443602854827,Low,0.9138845929551072
1055,8.912450414424118,8.812450414424118,Low,0.9338719635776203
1056,6.791637928837165,6.6916379288371655,Low,0.9084225095778117
1057,2.860500874941827,2.760500874941827,Low,1.0319207862491517
1058,3.574266069758447,3.474266069758447,Low,0.9021989972095977
1059,2.075846800895999,1.975846800895999,Low,1.0803023358458164
1060,2.473671640956242,2.3736716409562417,Low,1.0004424673822112
1061,7.762058237553026,7.662058237553026,Low,1.0551521399615325
1062,5.5329836922998,5.432983692299801,Low,0.9422240915220178
1063,4.563060596972419,4.4630605969724195,Low,1.0251137328558935
1064,4.183917403706078,4.083917403706078,Low,1.0610378817929635
1065,1.155477636098746,1.055477636098746,Low,1.022429060803868
1066,2.109483285202965,2.0094832852029647,Low,0.9970617417422731
1067,4.190464117995822,4.090464117995823,Low,1.0000282046298201
1068,4.142901798250865,4.042901798250865,Low,1.068101402953998
1069,4.892493354570452,4.7924933545704524,Low,0.9374252026040326
1070,5.015651028087329,4.915651028087329,Low,0.9985044155467958
1071,5.047266825377066,4.947266825377066,Low,0.9581297013995719
1072,5.102910126256028,5.002910126256029,Low,0.9272773618279073
1073,9.63334085455146,9.53334085455146,Low,1.0193663559786224
1074,1.9597878033382128,1.8597878033382127,Low,1.0454510495882419
1075,5.092862059936231,4.992862059936232,Low,1.022041133876145
1076,4.282203121155503,4.182203121155504,Low,1.0016118637221063
1077,6.774643806363956,6.674643806363957,Low,1.09262804827837
1078,1.1225067665765889,1.0225067665765888,Low,0.929567259590921
1079,4.345118126660693,4.245118126660693,Low,0.982449295483131
1080,3.388486753719673,3.2884867537196727,Low,0.9746887654527642
1081,5.029327932316987,4.929327932316987,Low,1.0862279861476425
1082,8.297480500064971,8.197480500064971,Low,0.9034309474968942
1083,4.649784264711386,4.549784264711386,Low,0.9653043518215381
1084,7.653955099772512,7.553955099772512,Low,0.9939123737701094
1085,5.69563465507259,5.59563465507259,Low,0.9159673252837939
1086,4.050626148896602,3.950626148896602,Low,0.9030766927493101
1087,5.847347757947604,5.747347757947605,Low,0.9954833678701753
1088,6.760700533370054,6.660700533370054,Low,1.0473977152011014
1089,3.439162066385961,3.3391620663859607,Low,0.9152594650324313
1090,6.209446986007961,6.109446986007962,Low,0.9067698410558571
1091,4.271553826575382,4.171553826575383,Low,0.9351806371110343
1092,2.637553904113076,2.537553904113076,Low,1.0273935327599941
1093,1.5925418443109,1.4925418443109,Low,1.0688078974176645
1094,5.75844841927991,5.65844841927991,Low,0.9090035138766858
1095,2.105383265602309,2.0053832656023087,Low,0.9303982717529962
1096,9.19393507735601,9.09393507735601,Low,1.0255512790131152
1097,8.053235241193308,7.953235241193308,Low,0.9467295770261904
1098,6.000144699119581,5.900144699119581,Low,0.9244974070012243
1099,3.1938351536960985,3.0938351536960984,Low,1.0529018284898939
1100,3.769786699234571,3.669786699234571,Low,0.9433384467760486
1101,4.309294062019629,4.209294062019629,Low,1.042956421100756
1102,9.29272773716503,9.19272773716503,Low,0.9896732511366619
1103,1.8729844630119896,1.7729844630119895,Low,1.0486198265571538
1104,7.019896141221896,6.919896141221896,Low,1.060310957792786
1105,6.711903121157372,6.611903121157372,Low,1.0428467276853735
1106,2.436152751513417,2.336152751513417,Low,0.9399953180649993
1107,5.734532207912184,5.6345322079121845,Low,1.077254562842759
1108,9.351503440559274,9.251503440559274,Low,1.0670174876261234
1109,6.2827213456955215,6.182721345695522,Low,1.0914090270493562
1110,1.5397619707944576,1.4397619707944576,Low,0.948064066244392
1111,1.586626470425088,1.486626470425088,Low,0.9254723105345983
1112,5.125438000561212,5.025438000561213,Low,1.0399882560046594
1113,6.127688709380002,6.027688709380002,Low,1.0640069806379364
1114,8.03889629683632,7.938896296836321,Low,0.9240286396376135
1115,6.659923027886375,6.559923027886375,Low,1.010640746318556
1116,7.24620788906868,7.14620788906868,Low,1.0380478054913649
1117,7.150029774570148,7.050029774570149,Low,1.067018541386943
1118,6.264596795057455,6.164596795057455,Low,0.9475333360440179
1119,7.039123466147284,6.939123466147285,Low,0.9754538477533771
1120,2.0933233317008795,1.9933233317008794,Low,1.079547307222182
1121,4.934424289271208,4.834424289271208,Low,1.0064037444505336
1122,5.781153547662644,5.681153547662644,Low,0.9901658831297059
1123,3.475402554853928,3.375402554853928,Low,1.0583107888246448
1124,5.72875458478395,5.62875458478395,Low,1.0080754054654957
1125,9.22695872532281,9.12695872532281,Low,0.9150214108031138
1126,6.718404983685514,6.618404983685514,Low,0.9793072702823961
1127,3.203509263569432,3.103509263569432,Low,1.0798735182208334
1128,1.5276804762285603,1.4276804762285602,Low,0.9687196278849958
1129,6.02725068116194,5.92725068116194,Low,1.0914884562571456
1130,3.823958243710949,3.723958243710949,Low,0.9333568600479148
1131,5.197847083860191,5.0978470838601915,Low,0.9856668938969414
1132,6.432554271779264,6.332554271779264,Low,1.0999790510118879
1133,4.379679281377866,4.279679281377867,Low,0.9568843997457767
1134,4.168803844042386,4.068803844042386,Low,1.0832206544586112
1135,1.6538741084860216,1.5538741084860215,Low,0.9159025669169469
1136,7.616983820990112,7.516983820990112,Low,0.9298860158196054
1137,5.946332908897132,5.846332908897132,Low,1.0821905467879407
1138,3.477309474152141,3.377309474152141,Low,1.0044182017719492
1139,3.482462216973549,3.3824622169735488,Low,1.0747324540138845
1140,6.759270871475763,6.659270871475764,Low,0.9810873691563081
1141,4.509389304341332,4.409389304341333,Low,0.9988854662981123
1142,3.8704438085588992,3.770443808558899,Low,0.9838288167668328
1143,5.351830733408152,5.251830733408152,Low,1.0925285201268973
1144,8.104929553423771,8.004929553423771,Low,0.9478051794095498
1145,6.491730187752509,6.3917301877525095,Low,1.0852376956651313
1146,2.589814936178715,2.489814936178715,Low,0.9461693989785975
1147,4.828016109172416,4.728016109172416,Low,1.0522151636793313
1148,4.736031725791686,4.636031725791686,Low,1.0926846230382479
1149,7.961914171759073,7.861914171759073,Low,1.0225078909126042
1150,6.00942157183494,5.90942157183494,Low,1.0394089033666147
1151,9.087323492559989,8.98732349255999,Low,1.0673006454067417
1152,7.959407032283993,7.859407032283993,Low,0.9227747926913924
1153,7.594939163989306,7.494939163989306,Low,0.9459519886966569
1154,4.844613230677741,4.744613230677741,Low,1.0240071761244072
1155,5.91497733814214,5.814977338142141,Low,1.016654748845897
1156,7.602784882474112,7.502784882474113,Low,0.940253056071982
1157,7.95007150918612,7.850071509186121,Low,1.0545945800559708
1158,6.17937661991595,6.0793766199159505,Low,0.9985906660787176
1159,5.170664866714168,5.070664866714169,Low,1.0459368943894356
1160,4.286091948942556,4.186091948942557,Low,1.0218473407666473
1161,6.886954624214578,6.786954624214578,Low,0.9623486960551053
1162,8.90067173915169,8.80067173915169,Low,1.0155616349079792
1163,6.146907692841998,6.046907692841998,Low,1.0931832395741938
1164,4.627051837428224,4.527051837428225,Low,1.0870667772197389
1165,3.0350928977376688,2.9350928977376687,Low,0.9884257109439526
1166,5.833662448095947,5.733662448095948,Low,1.0493472879815078
1167,6.454762918192587,6.354762918192588,Low,1.0758277751342264
1168,3.8379814369555865,3.7379814369555864,Low,0.9831400979490735
1169,7.535015343296131,7.435015343296131,Low,0.9179410563975738
1170,5.422418809011607,5.322418809011608,Low,0.9130030963172343
1171,6.8420924513562325,6.742092451356233,Low,0.9737348937823473
1172,5.25959940628726,5.159599406287261,Low,1.0097896122691603
1173,3.899277881107864,3.799277881107864,Low,0.9970455076857605
1174,6.270055099720994,6.170055099720995,Low,1.0750442665383952
1175,8.752324098268108,8.652324098268108,Low,0.9562166658207679
1176,9.571739993338836,9.471739993338836,Low,0.9212121975771758
1177,6.380689238961232,6.280689238961233,Low,0.908452864574798
1178,5.388653570734677,5.288653570734677,Low,1.060579231748407
1179,8.64740681336211,8.54740681336211,Low,1.0016620551015718
1180,5.029595417275528,4.929595417275529,Low,1.0035502394512068
1181,5.668858369724261,5.5688583697242615,Low,0.9183647672297118
1182,8.394371503434485,8.294371503434485,Low,0.9759381840841601
1183,4.639795282038751,4.539795282038751,Low,1.0356835264089284
1184,6.129024513271759,6.029024513271759,Low,0.9582029058178108
1185,5.393039016720429,5.29303901672043,Low,0.9068982306636356
1186,7.445124512230077,7.345124512230077,Low,0.952959536976588
1187,6.546316663593441,6.446316663593441,Low,1.0326529970952596
1188,8.134104210285741,8.034104210285742,Low,0.9241722900008968
1189,5.076612162677966,4.9766121626779665,Low,0.9955459173674769
1190,9.158403425962506,9.058403425962506,Low,0.9385354289874139
1191,5.404157991339517,5.304157991339517,Low,1.0258512927978383
1192,5.680214494919111,5.580214494919112,Low,0.9620956005053781
1193,8.129861979466122,8.029861979466123,Low,0.9873889836459365
1194,10.120468635279426,10.020468635279427,Low,0.9700197600323408
1195,9.478710724862804,9.378710724862804,Low,0.9873557757383219
1196,2.905134065485824,2.805134065485824,Low,1.0928194664136237
1197,9.459640985074774,9.359640985074774,Low,1.0484241104568428
1198,7.502703909220791,7.402703909220791,Low,0.9176398901938781
1199,7.02901907995001,6.92901907995001,Low,0.9527104252664012
1200,9.27394137863649,9.17394137863649,Low,1.0289486645833206
1201,6.109251203239165,6.009251203239165,Low,1.0913559554085084
1202,7.760087066339677,7.660087066339678,Low,0.999459218391964
1203,7.009530585305597,6.909530585305597,Low,0.9927772548780568
1204,6.12222281242499,6.022222812424991,Low,0.9907251176575438
1205,8.413001993431461,8.313001993431461,Low,1.0097819608081398
1206,6.303960896223014,6.203960896223014,Low,0.9219059024698598
1207,5.41570282750647,5.31570282750647,Low,1.0345183836745324
1208,9.113164164248474,9.013164164248474,Low,1.091127800390971
1209,7.538135466289452,7.438135466289452,Low,0.9715536251934973
1210,5.609022695479377,5.509022695479377,Low,1.0416329033015042
1211,4.009433415302459,3.9094334153024586,Low,0.9359235993304388
1212,7.494494627811974,7.394494627811975,Low,0.9767206723631621
1213,8.35010031478932,8.25010031478932,Low,0.9983433593247678
1214,5.547814197025801,5.447814197025801,Low,1.0699716548672833
1215,9.695926037988697,9.595926037988697,Low,1.0839504409471665
1216,5.716990224322225,5.616990224322225,Low,0.9410658106894513
1217,9.969523424739332,9.869523424739333,Low,0.9556636361890303
1218,9.057180231653035,8.957180231653036,Low,1.0457871990388854
1219,8.543982836439964,8.443982836439965,Low,0.9770544903090779
1220,6.71120358217446,6.61120358217446,Low,1.023522689571047
1221,7.259754583636482,7.159754583636483,Low,1.0563336116317035
1222,5.181559659446281,5.081559659446281,Low,0.936166035119956
1223,6.0487387465535,5.9487387465535,Low,0.9805720317719924
1224,8.58319704076325,8.483197040763251,Low,0.9259570904389189
1225,9.865035801436427,9.765035801436428,Low,1.0850452860295094
1226,10.693522721316326,10.593522721316326,Low,1.0354036787389156
1227,5.90975485575779,5.809754855757791,Low,0.9905557219558005
1228,5.664138996476459,5.564138996476459,Low,1.0292996461667916
1229,6.794058175366322,6.694058175366322,Low,1.0017583357396027
1230,5.5505662706966135,5.450566270696614,Low,0.9734933049057956
1231,6.91534271646132,6.815342716461321,Low,0.9075412230513016
1232,10.607844229124556,10.507844229124556,Low,1.0984035533225052
1233,8.170946051876875,8.070946051876875,Low,0.9969891908257371
1234,7.574616184262088,7.474616184262088,Low,0.972065113377994
1235,6.027743958925416,5.927743958925416,Low,0.9153215223555077
1236,7.472101568662864,7.372101568662864,Low,0.9763980852630223
1237,8.89159625121217,8.79159625121217,Low,1.0714246716895603
1238,10.884552862485997,10.784552862485997,Low,1.0502622110338422
1239,12.217598235682544,12.117598235682545,Low,0.9791793285922474
1240,5.942750942477099,5.8427509424771,Low,1.0939687513086993
1241,11.881448249910772,11.781448249910772,Low,0.9355404555521796
1242,7.178115774511051,7.078115774511051,Low,1.03359236977383
1243,9.551161585128863,9.451161585128864,Low,0.9821961683819019
1244,10.737173173594307,10.637173173594308,Low,0.9914404921174619
1245,8.334074037718366,8.234074037718367,Low,0.9807921566035794
1246,8.952296451482871,8.852296451482871,Low,0.9802484670229497
1247,8.046942340922442,7.946942340922442,Low,1.0366573251368527
1248,12.53178575726844,12.43178575726844,Low,1.0774736410821175
1249,10.770971737193026,10.670971737193026,Low,0.9840398351557078
1250,9.98421976054072,9.88421976054072,Low,0.9648122237053982
1251,8.848137835847442,8.748137835847443,Low,0.9731160028241065
1252,6.30053791430373,6.20053791430373,Low,1.0323444706761173
1253,9.060215424934292,8.960215424934292,Low,0.9901158515554118
1254,11.293446382608437,11.193446382608437,Low,0.9627529313079055
1255,9.795729755946311,9.695729755946312,Low,0.9877221857230736
1256,10.814861134161024,10.714861134161024,Low,0.9878510166506851
1257,11.18261023984716,11.08261023984716,Low,1.0396337783583616
1258,15.421540789639051,15.321540789639052,Low,1.0779617968729176
1259,11.881581438586544,11.781581438586544,Low,0.9223581340359581
1260,7.9198718335384335,7.819871833538434,Low,1.0595034508051502
1261,10.132226187572751,10.032226187572752,Low,1.0035435535035646
1262,8.991267723835387,8.891267723835387,Low,1.0560436391663839
1263,12.118306176065028,12.018306176065028,Low,1.062410149629538
1264,11.883649125325896,11.783649125325896,Low,0.9209747289520397
1265,8.256831838835918,8.156831838835918,Low,1.0461908594859646
1266,10.082538532324204,9.982538532324204,Low,1.0308849383337422
1267,10.473018060925256,10.373018060925256,Low,1.0976691952339688
1268,4.74734100988076,4.64734100988076,Low,0.9189432790655168
1269,11.00571560164915,10.90571560164915,Low,1.0012796325366715
1270,7.99246016546277,7.89246016546277,Low,1.014320983047159
1271,9.663384124716154,9.563384124716155,Low,0.995880201476496
1272,11.327872076922764,11.227872076922765,Low,1.0220857077114092
1273,11.335944040536654,11.235944040536655,Low,1.0609174435762156
1274,10.206975337520555,10.106975337520556,Low,0.9161948974777053
1275,7.682080049507563,7.582080049507564,Low,0.9784640676258266
1276,12.503743622933232,12.403743622933233,Low,0.9813835771178044
1277,10.30845136874854,10.208451368748541,Low,0.9167877025712209
1278,12.44113483519985,12.34113483519985,Low,0.9630730161354215
1279,13.228601263669647,13.128601263669648,Low,0.9694461364947082
1280,12.13873762749921,12.038737627499211,Low,0.967262920638148
1281,11.601872609227442,11.501872609227442,Low,0.9507568084264678
1282,6.0821035476803615,5.982103547680362,Low,0.9476436242502728
1283,8.571649839677914,8.471649839677914,Low,0.9613829577390374
1284,7.693947592435375,7.593947592435375,Low,1.0923643793130282
1285,10.371332479376155,10.271332479376156,Low,1.0374982125210228
1286,12.589999010529134,12.489999010529134,Low,0.9013844585047287
1287,11.90500248959254,11.80500248959254,Low,1.0183312421835098
1288,11.195194786923553,11.095194786923553,Low,0.9664974742302002
1289,8.32496458875294,8.22496458875294,Low,0.9933144164639802
1290,11.008470625107837,10.908470625107837,Low,0.9307411727925738
1291,10.342324468061705,10.242324468061705,Low,1.0919404880525831
1292,8.723598367519788,8.623598367519788,Low,0.9519315716930591
1293,12.63766084932729,12.53766084932729,Low,0.9426117108315534
1294,11.817863057080167,11.717863057080168,Low,1.0324376192825797
1295,13.178353907266544,13.078353907266544,Low,1.008036698499846
1296,10.977626695427928,10.877626695427928,Low,0.9319792661138604
1297,10.461678107190044,10.361678107190045,Low,0.9852724553571218
1298,11.767454361801738,11.667454361801738,Low,0.9288419219798196
1299,12.27097096418218,12.17097096418218,Low,0.9863310072479785
1300,9.674488313523478,9.574488313523478,Low,0.909750162386194
1301,8.057980836960068,7.957980836960068,Low,1.0957175913262602
1302,12.149999692372049,12.04999969237205,Low,0.9475561149708851
1303,9.565086450549469,9.46508645054947,Low,1.0203421293376784
1304,11.253371528560209,11.153371528560209,Low,0.9242670580248638
1305,11.258391978884044,11.158391978884044,Low,0.930286505345795
1306,10.408592967182903,10.308592967182904,Low,1.0824357756156056
1307,11.644073359302332,11.544073359302333,Low,0.9655082943835125
1308,13.84136615279042,13.74136615279042,Low,0.9935363460783194
1309,10.827952382436573,10.727952382436573,Low,0.9804107866599505
1310,11.412685722672933,11.312685722672933,Low,0.9879717642312639
1311,11.250946191957745,11.150946191957745,Low,0.9735997757854306
1312,8.839680358477063,8.739680358477063,Low,1.0970919463384863
1313,12.739361731161983,12.639361731161983,Low,1.0006910978781676
1314,11.297583751200598,11.197583751200598,Low,0.9710172372424883
1315,12.124592503478524,12.024592503478525,Low,1.0616881604137787
1316,12.499916969165367,12.399916969165368,Low,0.9205166650443216
1317,11.84331420722788,11.74331420722788,Low,1.0824625795009375
1318,13.957994349334973,13.857994349334973,Low,1.0869437994507154
1319,10.982685770409416,10.882685770409417,Low,1.0954875456834614
1320,10.051257269638327,9.951257269638328,Low,0.9306323014546004
1321,11.940020208474335,11.840020208474336,Low,1.0453427197402436
1322,12.625384446209928,12.525384446209928,Low,1.0194519876154249
1323,13.601194091305404,13.501194091305404,Low,0.9228564558721764
1324,11.854283532968006,11.754283532968007,Low,0.9693775924766584
1325,16.777734115974233,16.677734115974232,Low,1.0910309018721966
1326,15.412691570071834,15.312691570071834,Low,1.0279991231153456
1327,14.539913284619647,14.439913284619648,Low,1.0269773318132873
1328,15.872393116280618,15.772393116280618,Low,1.012864360159255
1329,12.27273590522284,12.17273590522284,Low,0.9270150641729777
1330,12.56248942594214,12.46248942594214,Low,1.011982840329715
1331,11.456532698549871,11.356532698549872,Low,1.000177284534194
1332,12.044672638488429,11.944672638488429,Low,0.9563318989716921
1333,13.24762329624355,13.14762329624355,Low,1.0352793722700335
1334,16.4977968568918,16.397796856891798,Low,0.995685320593354
1335,15.050768885614982,14.950768885614982,Low,1.0629022536595465
1336,13.379853939852447,13.279853939852448,Low,1.0321653473457748
1337,11.765017698834196,11.665017698834196,Low,0.9757692733337545
1338,14.62217769645328,14.52217769645328,Low,1.063822263066196
1339,16.25523257150341,16.155232571503408,Low,0.981396840508971
1340,18.323524353433925,18.223524353433923,Low,0.9113603814362626
1341,12.736514645731798,12.636514645731799,Low,1.0242159621975544
1342,13.926497051187935,13.826497051187935,Low,1.0098960567206214
1343,12.301316349372389,12.201316349372389,Low,1.0937375151240476
1344,12.476878836923628,12.376878836923629,Low,1.0498057679370343
1345,16.174479691441352,16.07447969144135,Low,0.9540334927057943
1346,11.791045658864515,11.691045658864516,Low,1.0949393325193972
1347,14.517791412745076,14.417791412745077,Low,0.9459781910233984
1348,15.92517515922844,15.82517515922844,Low,0.9686116789684963
1349,14.865536163841783,14.765536163841784,Low,1.0794423221160854
1350,17.1624068209887,17.0624068209887,Low,0.9490447006740041
1351,11.57520171396977,11.47520171396977,Low,0.9238918657887399
1352,15.175848754844036,15.075848754844037,Low,0.956530623254972
1353,18.340265667640832,18.24026566764083,Low,1.0277161625648783
1354,18.471323111660112,18.37132311166011,Low,0.9334631539234675
1355,14.630475095938143,14.530475095938144,Low,1.0351550351653085
1356,14.894407071707032,14.794407071707033,Low,1.0073154683710823
1357,12.920244583509287,12.820244583509288,Low,1.0945174865556837
1358,17.585660196959097,17.485660196959095,Low,0.9419397588510824
1359,14.400498217098056,14.300498217098056,Low,0.9082061678937354
1360,13.550574599789632,13.450574599789633,Low,1.008920194979084
1361,11.62423339479357,11.524233394793571,Low,1.0059999421933143
1362,18.38757376314786,18.287573763147858,Low,0.9909773601765585
1363,16.49882972683409,16.398829726834087,Low,1.0788761471839277
1364,17.351242852735215,17.251242852735214,Low,1.0516338750036764
1365,17.092994147895176,16.992994147895175,Low,1.0636787329638433
1366,11.401821625858592,11.301821625858592,Low,1.089298556183696
1367,14.818524484263502,14.718524484263503,Low,1.0136304946527968
1368,15.517236499335311,15.417236499335312,Low,0.9876233415819962
1369,13.756661213500117,13.656661213500117,Low,1.0587713317715084
1370,14.558205336646484,14.458205336646484,Low,1.0604953714616396
1371,17.131379474527613,17.03137947452761,Low,1.0465487944690923
1372,17.730880030609825,17.630880030609823,Low,1.0382647595500627
1373,15.392163717947854,15.292163717947854,Low,1.0865071590120583
1374,16.807802177486856,16.707802177486855,Low,0.9897575689056032
1375,15.94384140257148,15.84384140257148,Low,1.034480171027041
1376,14.373769188727584,14.273769188727584,Low,1.0809836062567604
1377,15.06334314930052,14.96334314930052,Low,1.0515727800395906
1378,16.023654027191228,15.923654027191228,Low,1.0936228122325433
1379,16.41912840300671,16.319128403006708,Low,0.9066085578320994
1380,17.30947488653861,17.209474886538608,Low,0.9337078350494162
1381,13.815250033514769,13.715250033514769,Low,0.9275791199466381
1382,14.785722481058778,14.685722481058779,Low,0.9395674264421745
1383,17.506666255063593,17.40666625506359,Low,1.054908714318011
1384,17.537404166952125,17.437404166952124,Low,0.9361742902755964
1385,19.4584197147708,19.358419714770797,Low,0.9176902256191021
1386,17.330871168442435,17.230871168442434,Low,0.9510380767690763
1387,14.27469682998878,14.17469682998878,Low,0.929251487373751
1388,14.738195852594387,14.638195852594388,Low,1.0638563719473069
1389,17.206919201726237,17.106919201726235,Low,0.9759348857599355
1390,18.3961776957276,18.2961776957276,Low,0.9554268707405635
1391,14.868024551524597,14.768024551524597,Low,0.9997567418611621
1392,16.027767610088958,15.927767610088958,Low,1.028724449528668
1393,17.488571638810118,17.388571638810117,Low,0.9605685138874202
1394,17.010936285705114,16.910936285705112,Low,1.0962180862726998
1395,16.523754811319478,16.423754811319476,Low,0.9312721255021985
1396,15.942858246229711,15.842858246229712,Low,0.9171331268526133
1397,15.347456257516145,15.247456257516145,Low,0.9623796723450456
1398,19.320112608711472,19.22011260871147,Low,0.9871693340112457
1399,20.415456408671552,20.31545640867155,Low,0.9515423393992094
1400,20.630604083750196,20.530604083750195,Low,0.9036775382172384
1401,18.874046758097094,18.774046758097093,Low,1.0848804385757485
1402,16.2559436147988,16.155943614798797,Low,1.0626021651808402
1403,17.639811764057338,17.539811764057337,Low,0.966872963239245
1404,19.444916408037283,19.34491640803728,Low,1.0582368220181417
1405,20.06653022984061,19.966530229840608,Low,0.9944503175154424
1406,16.100932609864195,16.000932609864194,Low,1.0325119809832262
1407,17.753881571378702,17.6538815713787,Low,0.9267567860821468
1408,16.574667520643974,16.474667520643973,Low,1.059024992323515
1409,18.569037386711827,18.469037386711825,Low,1.0118213313687499
1410,17.29511154971572,17.19511154971572,Low,0.9932722310316235
1411,20.04586592008644,19.94586592008644,Low,1.0152646089493573
1412,20.4656551771968,20.3656551771968,Low,0.9449992764523605
1413,17.526401828709336,17.426401828709334,Low,0.9678305237878578
1414,18.206579809132837,18.106579809132835,Low,0.9954237420429329
1415,17.796803301767977,17.696803301767975,Low,1.059846590756513
1416,17.123993123123665,17.023993123123663,Low,1.0923504685083838
1417,21.4098754240206,21.3098754240206,Low,0.9094955766548575
1418,19.408462509339387,19.308462509339385,Low,0.9099629465672986
1419,19.019358655819065,18.919358655819064,Low,0.9681022188362218
1420,21.356979913443077,21.256979913443075,Low,0.9797539860783436
1421,21.79139985634415,21.691399856344148,Low,0.9723868626565194
1422,15.945693209606812,15.845693209606813,Low,0.9066846592992872
1423,19.666984965945787,19.566984965945785,Low,0.9857275566842016
1424,16.308875222524545,16.208875222524544,Low,0.9476094988647238
1425,18.111478229364767,18.011478229364766,Low,1.0224975002027057
1426,21.739490593229636,21.639490593229635,Low,0.9651244443338016
1427,20.32846759349952,20.22846759349952,Low,0.9221511451530301
1428,19.875594140194817,19.775594140194816,Low,1.0345607142418467
1429,20.61907701035256,20.519077010352557,Low,1.0792726477862735
1430,20.329482120747542,20.22948212074754,Low,0.9922014625415533
1431,19.26149255328465,19.16149255328465,Low,1.0248742605141712
1432,18.27210888731765,18.17210888731765,Low,0.9676456038532726
1433,20.715838625690687,20.615838625690685,Low,1.0753576209467706
1434,19.87606927336931,19.77606927336931,Low,0.9006364040377765
1435,20.40655849338922,20.30655849338922,Low,1.0997652714748498
1436,18.85815546935467,18.75815546935467,Low,0.924580276493774
1437,17.872619045037787,17.772619045037786,Low,0.9207696126706045
1438,19.63447208964758,19.53447208964758,Low,0.9471672443051815
1439,16.776300951141177,16.676300951141176,Low,1.031663633657478
